feature_id,fold,importance
A1CF,1,5.71306037902832
A2BP1,1,0.0
A2LD1,1,13.121613502502441
AACS,1,0.0
AANAT,1,0.0
AARSD1,1,5.212032794952393
AATK,1,7.4750542640686035
ABCA5,1,0.0
ABCB1,1,0.0
ABCB9,1,0.0
ABCC1,1,0.0
ABCD1,1,0.9868412017822266
ABCF2,1,0.0
ABCG1,1,0.9413080215454102
ABCG2,1,0.0
ABLIM1,1,1.1675434112548828
ABR,1,0.0
ACAA1,1,0.0
ACACA,1,0.0
ACAD10,1,0.0
ACAD8,1,0.0
ACADSB,1,7.628066062927246
ACD,1,0.0
ACOT4,1,1.1093006134033203
ACOT7,1,0.0
ACOT8,1,5.836404800415039
ACOX3,1,0.0
ACRC,1,0.0
ACSF2,1,0.0
ACSF3,1,11.098272323608398
ACSL1,1,0.0
ACTA2,1,2.085264205932617
ACVR1,1,0.005157470703125
ADAD1,1,0.49264097213745117
ADAL,1,0.0
ADAM29,1,0.0
ADAM5P,1,0.0
ADAMTS17,1,0.0
ADAT3,1,0.0
ADC,1,0.0
ADCK5,1,0.622849702835083
ADCY8,1,0.0
ADD2,1,0.0
ADORA2A,1,0.0
ADPRH,1,0.0
ADPRHL1,1,0.9714893102645874
ADRA2A,1,0.0
ADRA2C,1,0.0
AEN,1,0.0
AFAP1,1,0.0
AFF3,1,0.0
AGAP1,1,0.0
AGAP2,1,0.38490092754364014
AGBL4,1,1.6495678424835205
AGL,1,1.876466989517212
AGPAT1,1,0.0
AGPAT3,1,0.0
AGPAT4,1,0.0
AGPAT9,1,0.0
AGXT,1,0.0
AHDC1,1,0.0
AHI1,1,0.0
AIDA,1,0.0
AIFM1,1,0.0
AKAP5,1,0.0
AKD1,1,0.0
AKR1A1,1,0.0
AKR1E2,1,1.107017159461975
AKTIP,1,0.0
ALDH3A1,1,0.0
ALDH3B2,1,0.0
ALDOA,1,3.525162696838379
ALG11,1,0.0
ALG12,1,0.2404424250125885
ALKBH3,1,0.0
ALLC,1,0.0
ALPK3,1,0.7367522716522217
ALS2,1,0.7265787720680237
ALX4,1,0.0
AMMECR1,1,0.0
AMPD2,1,0.0
AMPD3,1,0.0
AMZ2,1,0.0
ANAPC11,1,0.0
ANG,1,0.0
ANGPT2,1,1.9849790334701538
ANK2,1,0.0
ANKMY1,1,0.0
ANKRD11,1,1.3955316543579102
ANKRD26,1,0.0
ANKRD32,1,0.0
ANKRD34A,1,0.0
ANKRD45,1,0.0
ANKS1B,1,0.0
ANP32E,1,0.0
ANXA11,1,0.0
AOX1,1,0.0
AP1B1,1,0.0
AP3D1,1,0.0
AP4E1,1,0.5139245986938477
AP4S1,1,0.0
APAF1,1,0.0
APBB1IP,1,0.0
APBB2,1,0.0
APC,1,0.0
AQP11,1,0.0
AR,1,0.0
ARFGAP1,1,0.0
ARFIP2,1,0.0
ARHGAP12,1,0.0
ARHGAP29,1,1.5736777782440186
ARHGEF10,1,0.0
ARHGEF10L,1,0.0
ARHGEF12,1,0.0
ARHGEF18,1,0.0
ARHGEF3,1,0.0
ARL1,1,0.0
ARL2BP,1,0.0
ARL4A,1,0.0
ARL4C,1,0.0
ARL6,1,0.0
ARL6IP1,1,0.0
ARMC1,1,0.6934148669242859
ARMC10,1,0.0
ARMC4,1,0.0
ARMCX2,1,0.0
ARRDC2,1,0.0
ARRDC3,1,0.0
ARSB,1,0.16520185768604279
ART3,1,0.0
ARX,1,3.586594581604004
ASAM,1,0.0
ASB3,1,0.5079657435417175
ASCL1,1,0.0
ASF1B,1,0.0
ASNS,1,0.0
ASPHD1,1,0.0
ATF6B,1,0.0
ATG4A,1,0.0
ATM,1,0.0
ATN1,1,0.0
ATOH8,1,0.0
ATP13A1,1,0.0
ATP1A4,1,0.0
ATP2B2,1,0.0
ATP2B4,1,0.0
ATP5C1,1,0.0
ATP5F1,1,0.0
ATP5G1,1,0.0
ATP6V0E2,1,0.0
ATP6V1G2,1,0.0
ATP7B,1,0.0
ATXN1,1,0.0
AURKC,1,0.6140305995941162
AVEN,1,0.0
B3GALNT1,1,1.0409798622131348
B3GALT4,1,0.0
B3GNT2,1,0.0
BAD,1,0.0
BAI2,1,0.0
BANF1,1,0.0
BANP,1,3.648165464401245
BAT1,1,0.0
BAT2,1,0.0
BAT3,1,0.0
BAT4,1,0.0
BBC3,1,0.46445411443710327
BBX,1,0.0
BCAP31,1,0.0
BCAR1,1,0.0
BCAT1,1,0.0
BCCIP,1,0.0
BCL2,1,0.0
BCL2L10,1,0.0
BCL2L11,1,0.0
BCL6,1,0.0
BCL7C,1,0.0
BCOR,1,0.0
BCORL1,1,0.0
BCS1L,1,0.0
BCYRN1,1,0.0
BDKRB2,1,0.0
BDNF,1,0.0
BEGAIN,1,1.9109116792678833
BEND5,1,0.20792174339294434
BEND6,1,0.0
BHLHA9,1,0.0
BHLHE22,1,0.0
BIK,1,0.0
BLCAP,1,0.0
BLM,1,0.0
BLOC1S1,1,0.0
BLOC1S2,1,0.0
BMP8B,1,0.0
BMS1P4,1,0.14347636699676514
BNC1,1,0.0
BNIPL,1,0.0
BOLL,1,0.0
BPGM,1,0.0
BPNT1,1,0.0
BRAF,1,0.5395951271057129
BRAP,1,0.0
BRCA1,1,0.0
BRCC3,1,0.0
BRD2,1,0.0
BRD3,1,3.646871566772461
BRUNOL4,1,0.0
BSCL2,1,0.0
BTBD11,1,8.72800064086914
BTBD17,1,0.32463502883911133
BTBD3,1,0.0
BTG4,1,0.0
BYSL,1,0.0
BZW1,1,5.6374735832214355
C10orf110,1,0.0
C10orf111,1,0.0
C10orf118,1,0.0
C10orf2,1,0.0
C10orf25,1,0.0
C10orf26,1,0.0
C10orf4,1,0.0
C10orf41,1,0.0
C10orf58,1,0.0
C10orf96,1,1.3646042346954346
C11orf1,1,0.0
C11orf10,1,0.0
C11orf20,1,0.0
C11orf21,1,0.33441078662872314
C11orf36,1,0.0
C11orf45,1,0.0
C11orf54,1,9.013877868652344
C11orf57,1,0.0
C11orf92,1,0.0
C11orf93,1,0.0
C12orf34,1,0.0
C12orf4,1,0.0
C12orf49,1,0.0
C12orf75,1,0.0
C13orf18,1,7.0446343421936035
C13orf23,1,0.0
C13orf36,1,0.0
C14orf159,1,0.0
C14orf167,1,0.0
C14orf21,1,0.0
C14orf43,1,0.0
C14orf86,1,0.0
C15orf56,1,0.0
C16orf74,1,0.0
C17orf48,1,0.0
C17orf80,1,1.8338236808776855
C17orf81,1,0.0
C18orf1,1,0.0
C18orf25,1,0.0
C19orf23,1,0.0
C19orf40,1,0.0
C19orf54,1,0.0
C19orf56,1,0.0
C19orf61,1,0.0
C1GALT1,1,0.0
C1GALT1C1,1,0.0
C1QL1,1,0.0
C1orf103,1,0.0
C1orf114,1,0.11651533842086792
C1orf127,1,0.0
C1orf159,1,0.0
C1orf182,1,2.4985179901123047
C1orf183,1,0.0
C1orf187,1,0.6190934181213379
C1orf21,1,0.0
C1orf210,1,0.0
C1orf56,1,0.0
C1orf58,1,0.0
C1orf59,1,0.0
C1orf84,1,0.0
C1orf86,1,0.0
C1orf95,1,0.0
C20orf112,1,0.0
C20orf117,1,0.0
C20orf132,1,0.0
C20orf134,1,0.0
C20orf151,1,0.0
C20orf177,1,0.0
C20orf196,1,0.0
C20orf201,1,0.0
C20orf30,1,0.0
C20orf7,1,0.0
C21orf29,1,0.0
C21orf49,1,0.0
C21orf59,1,0.0
C21orf66,1,0.0
C22orf36,1,0.0
C22orf9,1,0.0
C2CD4B,1,0.0
C2orf27A,1,0.0
C2orf34,1,0.0
C2orf56,1,0.0
C2orf63,1,0.0
C2orf76,1,0.0
C2orf77,1,0.0
C2orf88,1,0.0
C3orf26,1,0.0
C3orf39,1,0.0
C3orf52,1,0.0
C3orf57,1,0.0
C3orf58,1,0.0
C3orf75,1,0.0
C4orf14,1,0.0
C4orf27,1,0.0
C5orf13,1,0.0
C5orf24,1,0.0
C5orf28,1,0.0
C5orf36,1,0.0
C5orf37,1,0.0
C5orf44,1,0.0
C6orf115,1,0.0
C6orf134,1,0.0
C6orf136,1,0.0
C6orf15,1,0.0
C6orf176,1,0.0
C6orf182,1,0.0
C6orf211,1,0.0
C6orf217,1,0.0
C6orf48,1,0.0
C6orf52,1,0.0
C7orf30,1,0.0
C7orf42,1,0.023737192153930664
C7orf44,1,0.0
C7orf50,1,0.0
C7orf58,1,0.0
C8orf39,1,0.0
C8orf41,1,0.1420808583498001
C8orf77,1,0.0
C9orf103,1,0.0
C9orf139,1,0.0
C9orf3,1,0.5406364798545837
CA11,1,3.496063232421875
CA5BP,1,0.0
CA7,1,0.0
CABLES1,1,0.938349723815918
CACNA1G,1,0.0
CACNA2D3,1,0.0
CACNB2,1,0.0
CAGE1,1,0.0
CALCA,1,0.0
CALHM2,1,0.0
CALM1,1,0.0
CALN1,1,0.6811147928237915
CAMK2D,1,0.0
CAMKK2,1,0.0
CAMTA1,1,1.908128261566162
CAND2,1,0.46450406312942505
CARD11,1,0.0
CARD14,1,0.0
CARHSP1,1,0.0
CARS,1,0.0
CASC3,1,0.018963098526000977
CASR,1,13.503067016601562
CAST,1,0.0
CASZ1,1,0.9349201321601868
CATSPERG,1,0.0
CAV1,1,0.0
CBFA2T3,1,0.0
CBLC,1,0.0
CBLN2,1,0.0
CBLN3,1,0.0
CBX5,1,0.0
CC2D1B,1,0.0
CCDC104,1,0.0
CCDC106,1,0.0
CCDC112,1,0.7621583938598633
CCDC123,1,0.0
CCDC136,1,0.0
CCDC140,1,0.0
CCDC142,1,0.0
CCDC149,1,4.836479187011719
CCDC23,1,0.0
CCDC7,1,0.0
CCDC90B,1,0.0
CCDC96,1,0.0
CCHCR1,1,0.0
CCM2,1,0.0
CCNA1,1,0.0
CCNA2,1,0.0
CCND2,1,0.0
CCND3,1,0.0
CCNY,1,0.0
CCNYL1,1,0.0
CCT3,1,5.099804878234863
CCT6B,1,0.0
CD164L2,1,0.0
CD248,1,0.0
CD44,1,0.0
CD81,1,0.0
CD82,1,0.0
CD8A,1,0.0
CDC10L,1,13.948570251464844
CDC123,1,0.0
CDC2,1,0.0
CDC42EP4,1,0.0
CDC45L,1,0.0
CDCA3,1,0.0
CDGAP,1,0.0
CDH18,1,0.0
CDH23,1,0.0
CDH6,1,0.0
CDIPT,1,0.0
CDK1,1,0.0
CDK11B,1,0.33178019523620605
CDK4,1,0.0
CDK5,1,0.0
CDK5RAP3,1,0.0
CDK6,1,0.0
CDK7,1,0.0
CDKN1C,1,0.0
CDKN2C,1,0.0
CDS2,1,0.0
CEBPZ,1,0.0
CELSR3,1,0.0
CENPT,1,0.0
CENPV,1,0.0
CEP350,1,0.0
CEP68,1,0.0
CEP76,1,0.0
CETN2,1,0.0
CFL1,1,0.0
CFLAR,1,0.0
CHAD,1,0.0
CHFR,1,1.0612848997116089
CHKB-CPT1B,1,0.0
CHMP2A,1,0.0
CHPF2,1,0.0
CHRM2,1,0.0
CHRM5,1,0.0
CHRNA2,1,0.0
CHRNA6,1,0.0
CHST1,1,0.0
CHST8,1,0.0
CIRBP,1,0.0
CISH,1,0.0
CITED2,1,0.0
CKAP5,1,0.0
CKLF,1,0.0
CLASP1,1,0.0
CLCN5,1,0.0
CLCN6,1,0.0
CLDN14,1,0.0
CLDN3,1,0.0
CLDN6,1,3.6347649097442627
CLDN9,1,0.0
CLEC4C,1,0.0
CLIP1,1,0.0
CLSTN3,1,0.0
CLVS1,1,0.0
CMAH,1,0.0
CMBL,1,0.0
CMC1,1,0.0
CNIH4,1,0.0
CNOT2,1,0.0
CNPY1,1,0.0
CNTN4,1,21.129770278930664
CNTNAP2,1,0.0
CNTROB,1,0.0
COASY,1,18.679279327392578
COG5,1,0.0
COL11A2,1,0.0
COL12A1,1,0.0
COL23A1,1,0.0
COL4A3BP,1,0.0
COL9A3,1,0.0
COLEC11,1,0.0
COMTD1,1,0.0
COPB1,1,0.0
COPG,1,5.3240556716918945
COX18,1,0.0
CPE,1,0.0
CPEB1,1,0.0
CPLX2,1,0.0
CPNE4,1,0.7935875058174133
CPSF4,1,0.0
CPT1B,1,0.0
CR1,1,0.0
CR1L,1,0.0
CREB5,1,0.0
CRISP2,1,0.0
CRLS1,1,0.0
CRY2,1,0.0
CRYGB,1,0.0
CSGALNACT1,1,0.0
CSMD3,1,0.0
CSNK2B,1,0.0
CSPP1,1,0.0
CTBP1,1,0.0
CTBP2,1,0.0
CTPS2,1,0.0
CTRC,1,0.20615077018737793
CTSB,1,0.0
CTSZ,1,0.0
CUGBP2,1,0.0
CUL1,1,0.0
CUL4A,1,0.0
CUTA,1,0.0
CWF19L2,1,3.8764305114746094
CXCL2,1,0.0
CXCR4,1,0.0
CXCR5,1,0.0
CXXC4,1,1.156909465789795
CXXC5,1,0.0
CXorf36,1,0.0
CXorf38,1,0.0
CXorf40B,1,0.0
CYB5D2,1,0.0
CYFIP1,1,0.0
CYGB,1,0.0
CYP1A1,1,0.0
CYP1B1,1,0.0
CYP26C1,1,0.0
CYorf15A,1,0.0
DAB1,1,0.0
DACH1,1,0.0
DAGLA,1,0.0
DALRD3,1,0.0
DAXX,1,0.0
DBI,1,0.0
DBN1,1,0.0
DBR1,1,0.0
DBX1,1,0.0
DCAF4,1,0.0
DCTN5,1,0.0
DDAH2,1,0.0
DDHD2,1,0.0
DDOST,1,0.0
DDR1,1,0.0
DDX17,1,0.0
DDX24,1,0.0
DDX6,1,10.158920288085938
DENND4B,1,0.0
DERA,1,0.007863759994506836
DES,1,0.0
DGKZ,1,0.0
DHDDS,1,0.0
DHDH,1,0.0
DHRS1,1,0.0
DHRS4,1,0.0
DHX16,1,0.0
DHX29,1,0.16843128204345703
DHX30,1,0.0
DIAPH2,1,0.0
DIDO1,1,0.0
DIS3,1,0.0
DIS3L2,1,0.0
DKC1,1,0.0
DKFZp566F0947,1,0.0
DLG2,1,0.0
DLG4,1,0.0
DLGAP2,1,0.0
DLGAP4,1,0.0
DLK1,1,0.0
DLL1,1,0.0
DLL4,1,0.0
DLX1,1,0.0
DLX2,1,0.0
DLX4,1,0.0
DMD,1,2.3279173374176025
DMRTB1,1,0.0
DNAH2,1,0.0
DNAH7,1,0.3846416771411896
DNAJC17,1,0.0
DNAJC5,1,0.0
DNAL1,1,0.0
DNASE1L2,1,0.0
DNM1,1,0.0
DNM1L,1,0.0
DNM2,1,0.0
DOCK4,1,0.0
DOM3Z,1,0.0
DPAGT1,1,0.0
DPH1,1,0.0
DPH2,1,0.0
DPH5,1,0.0
DPY19L2,1,0.0
DRD2,1,0.0
DRD5,1,0.0
DSCAM,1,0.0
DSCC1,1,0.0
DSE,1,0.0
DST,1,0.0
DTNA,1,0.0
DTNBP1,1,0.0
DTX3L,1,0.7538690567016602
DULLARD,1,0.0
DUS3L,1,1.1847195625305176
DUS4L,1,0.0
DUSP1,1,0.0
DUSP10,1,0.0
DUSP4,1,0.0
DYNLL1,1,0.0
DZIP1,1,0.0
DZIP1L,1,0.0
DZIP3,1,0.0
EARS2,1,0.0
EBAG9,1,0.0
EBNA1BP2,1,0.0
ECE2,1,0.0
EDA,1,0.0
EDN1,1,2.480930805206299
EDNRA,1,0.0
EDNRB,1,0.0
EED,1,0.0
EEF2,1,0.0
EFCAB5,1,0.0
EFEMP1,1,0.0
EFNA4,1,0.0
EGLN3,1,0.0
EHHADH,1,8.137494087219238
EHMT1,1,0.0
EHMT2,1,0.0
EI24,1,0.0
EID1,1,0.0
EIF1AD,1,0.0
EIF4A2,1,0.0
EIF4E3,1,0.0
EIF4G2,1,0.0
EIF4G3,1,0.8254189491271973
EIF5A2,1,0.0
EIF5B,1,0.0
ELFN1,1,0.0
ELL,1,0.0
ELMO1,1,0.0
ELMO2,1,0.0
ELOVL5,1,0.0
ELOVL7,1,0.0
EMILIN1,1,0.0
EML4,1,0.0
EMP1,1,0.0
EMX2,1,0.0
EMX2OS,1,0.0
ENO1,1,0.0
ENTPD1,1,0.016299009323120117
EPB41,1,0.0
EPB41L3,1,0.0
EPB49,1,0.0
EPHA10,1,0.0
EPHB6,1,3.894756555557251
EPM2AIP1,1,0.0
EPN1,1,0.0
EPPK1,1,0.0
ERBB2,1,0.0
ERH,1,0.0
ERICH1,1,1.7687978744506836
ERLEC1,1,0.0
ERLIN2,1,0.0
ERMAP,1,0.0
ERRFI1,1,0.0
ESF1,1,3.577984094619751
ESR1,1,0.0
ESRRG,1,0.0
ESX1,1,0.0
ESYT3,1,0.0
ETAA1,1,0.0
ETV1,1,0.19735011458396912
EVX1,1,0.0
EVX2,1,0.0
EXOC2,1,0.0
EXOC3L,1,0.0
EXTL2,1,0.0
EXTL3,1,0.0
EYA2,1,0.0
FAH,1,0.0
FAIM,1,0.0
FAM104A,1,0.0
FAM109A,1,0.0
FAM110B,1,0.0
FAM115A,1,0.0
FAM118B,1,0.0
FAM120C,1,0.0
FAM122A,1,0.0
FAM122C,1,0.0
FAM128B,1,0.0
FAM13B,1,0.0
FAM172A,1,0.0
FAM176A,1,0.0
FAM181A,1,0.0
FAM190A,1,0.0
FAM192A,1,0.0
FAM20B,1,0.0
FAM24B,1,0.0
FAM35A,1,0.0
FAM3C,1,0.0
FAM49A,1,0.0
FAM54B,1,0.0
FAM55C,1,0.0
FAM5B,1,0.0
FAM63B,1,0.0
FAM65A,1,0.0
FAM65B,1,0.0
FAM82B,1,0.0
FAM83D,1,0.0
FAM84A,1,0.0
FAM96A,1,0.0
FANCM,1,0.0
FARP1,1,0.0
FARSB,1,0.0
FAS,1,0.0
FASTKD5,1,0.11654343456029892
FAT1,1,0.0
FAT4,1,0.0
FAU,1,0.0
FBLIM1,1,0.0
FBRSL1,1,0.39136093854904175
FBXL13,1,0.0
FBXL19,1,2.811262845993042
FBXL8,1,0.0
FBXO31,1,0.0
FBXO38,1,0.0
FBXO42,1,1.5251832008361816
FBXO43,1,0.0
FBXO5,1,0.0
FBXO7,1,0.0
FDXACB1,1,0.0
FEM1A,1,0.0
FEN1,1,0.0
FGF12,1,0.0
FGF13,1,0.0
FGFRL1,1,0.0
FHIT,1,0.0
FHL1,1,0.0
FIG4,1,0.0
FIGNL2,1,0.0
FILIP1,1,0.0
FILIP1L,1,0.0
FKBP2,1,0.0
FKBP3,1,0.0
FKBP6,1,0.0
FKBPL,1,0.0
FLI1,1,0.0
FLJ10038,1,0.0
FLJ30058,1,0.0
FLJ33630,1,0.0
FLJ35220,1,0.0
FLJ44606,1,0.0
FLJ45983,1,0.0
FLRT2,1,0.0
FN3KRP,1,0.503237247467041
FNDC3B,1,0.0
FNDC4,1,0.0
FOXB1,1,0.0
FOXO3,1,0.0
FOXP1,1,0.0
FRAT1,1,0.0
FREM2,1,0.0
FRMD6,1,0.0
FRS2,1,0.0
FRY,1,0.0
FRYL,1,5.761839866638184
FSTL5,1,0.0
FTO,1,0.0
FTSJ3,1,2.6141252517700195
FUNDC2,1,0.0
FXC1,1,0.0
FXR2,1,0.0
FYB,1,0.0
FYN,1,0.0
G6PC3,1,7.221768379211426
G6PD,1,0.0
GAB3,1,0.0
GABBR1,1,0.0
GABPB1,1,0.0
GABRA3,1,0.0
GABRA5,1,0.0
GALK2,1,0.0
GALNT9,1,0.0
GALR1,1,0.0
GARS,1,0.0
GAS5,1,0.0
GATA2,1,0.0
GATA3,1,0.0
GATA4,1,0.0
GBF1,1,0.0
GCKR,1,0.0
GCNT2,1,0.0
GCOM1,1,0.0
GDF2,1,0.0
GDF7,1,0.0
GFI1,1,0.0
GFM1,1,0.0
GFM2,1,0.0
GFOD1,1,0.0
GFPT1,1,0.0
GGT1,1,0.0
GHSR,1,0.0
GJD2,1,0.0
GLI1,1,0.0
GLOD4,1,0.0
GLT25D1,1,0.0
GLUD1,1,0.0
GMEB1,1,0.0
GMPR2,1,0.0
GNAS,1,0.0
GNASAS,1,0.0
GNB1,1,0.0
GNG2,1,0.0
GNG4,1,0.0
GNG5,1,0.0
GNG7,1,0.2847711443901062
GNL1,1,0.0
GNL3L,1,0.0
GNMT,1,0.0
GNPDA1,1,1.1830391883850098
GNRHR2,1,13.712347984313965
GOLGA3,1,0.0
GOLSYN,1,0.0
GPATCH1,1,12.232177734375
GPBP1,1,0.0
GPBP1L1,1,0.0
GPKOW,1,0.0
GPM6A,1,0.0
GPR12,1,0.045728325843811035
GPR132,1,0.0
GPR135,1,4.192479610443115
GPR137,1,0.0
GPR137C,1,0.0
GPR158,1,0.0
GPR20,1,0.4490618109703064
GPR55,1,0.0
GPR6,1,0.0
GPR63,1,0.0
GPSM3,1,0.0
GRAMD3,1,3.188488245010376
GRAMD4,1,0.0
GRB10,1,0.0
GREB1,1,0.0
GRIN2B,1,0.0
GRM3,1,0.0
GRN,1,0.0
GSDMA,1,0.0
GSDMB,1,0.0
GSDMD,1,0.0
GSK3B,1,0.0
GSTCD,1,0.0
GSTM5,1,8.60539722442627
GSTO2,1,0.0
GSTZ1,1,0.0
GTDC1,1,0.0
GTF2H4,1,0.0
GTPBP5,1,0.0
GUCY1A2,1,0.0
GUCY2E,1,0.0
GULP1,1,0.0
H19,1,0.0
H1FNT,1,0.0
H2AFJ,1,3.939262866973877
H2AFY,1,0.0
HAP1,1,0.0
HARBI1,1,0.0
HARS,1,0.0
HARS2,1,0.0
HAS3,1,0.0
HAUS5,1,0.0
HAUS8,1,0.0
HCCA2,1,0.0
HCG27,1,0.0
HDAC4,1,0.0
HDDC3,1,0.0
HDGFRP3,1,0.0
HDLBP,1,0.9643281698226929
HEATR1,1,0.0
HEATR4,1,0.0
HECW1,1,0.0
HERC3,1,0.0
HERC6,1,0.0
HGC6.3,1,0.0
HIGD1A,1,0.0
HIGD2A,1,0.0
HIPK1,1,0.0
HIST1H1C,1,3.714700222015381
HIST1H1E,1,0.0
HIST1H2AB,1,0.0
HIST1H2AG,1,0.0
HIST1H2AK,1,0.0
HIST1H2BJ,1,0.0
HIST1H2BN,1,0.0
HIST1H4J,1,0.0
HIST2H2BE,1,0.0
HIST3H2A,1,0.0
HIST3H2BB,1,0.0
HIVEP3,1,0.0
HLA-E,1,0.0
HLA-G,1,0.0
HLTF,1,0.0
HMCN1,1,0.0
HMGXB4,1,0.2669258117675781
HMOX2,1,0.0
HNRNPA1,1,0.0
HNRNPC,1,0.0
HNRNPF,1,0.0
HNRNPH3,1,0.0
HNRPA1L-2,1,0.0
HOPX,1,0.0
HOXA1,1,0.0
HOXA3,1,7.036929130554199
HOXA4,1,0.0
HOXA5,1,0.0
HOXB4,1,0.0
HOXB5,1,0.0
HOXC12,1,0.0
HOXC4,1,0.0
HOXC5,1,0.0
HOXC6,1,0.0
HPCAL1,1,0.0
HRASLS,1,0.0
HRH1,1,0.0
HRH2,1,0.0
HRNBP3,1,0.0
HRNR,1,0.0
HS3ST3A1,1,0.0
HSD11B2,1,0.0
HSDL1,1,0.0
HSPA13,1,0.0
HSPA1A,1,0.0
HSPA1B,1,0.0
HSPA1L,1,0.0
HSPA2,1,0.0
HTR1E,1,0.0
HTR2A,1,0.0
HTR2C,1,0.0
HUWE1,1,1.5626581907272339
HYOU1,1,0.0
ICAM3,1,0.0
ID2,1,2.3965871334075928
IDI2,1,0.0
IER3IP1,1,0.0
IFI27L1,1,0.0
IFITM1,1,0.0
IFITM5,1,0.24722515046596527
IFT88,1,0.0
IGF2,1,0.0
IGF2AS,1,0.0
IGF2R,1,0.0
IGFBP3,1,0.0
IGSF11,1,0.0
IKBIP,1,0.0
IKBKG,1,0.0
IKZF5,1,0.0
IL17RA,1,0.0
IL1RAPL2,1,0.0
IL1RN,1,0.0
INCA1,1,0.0
INF2,1,0.0
ING1,1,0.0
INPP5D,1,0.0
INS-IGF2,1,0.0
INSC,1,0.20163092017173767
INTS12,1,0.0
INTS6,1,0.0
IP6K2,1,2.362952470779419
IPO7,1,0.0
IQCC,1,0.0
IQSEC1,1,0.0
IQSEC3,1,4.025704860687256
IRF1,1,0.0
IRF2,1,0.0
IRF5,1,0.0
IRX5,1,0.0
ISCA2,1,0.0
ISM1,1,0.0
ITFG3,1,0.0
ITGA8,1,0.0
ITPR2,1,0.0
ITPRIPL1,1,0.0
IZUMO1,1,0.0
JAKMIP1,1,0.0
JMJD1C,1,0.0
JMJD4,1,0.0
JUB,1,0.0
KANK2,1,0.0
KATNAL1,1,0.0
KAZALD1,1,0.0
KCNA3,1,0.0
KCNA5,1,0.0
KCNA7,1,0.0
KCNAB1,1,0.0
KCNB2,1,0.0
KCNG1,1,0.0
KCNH3,1,0.0
KCNIP4,1,0.0
KCNJ16,1,0.0
KCNJ5,1,0.0
KCNK10,1,0.0
KCNMB3,1,0.0
KCNQ1,1,0.0
KCNQ1DN,1,0.0
KCNQ1OT1,1,0.0
KCNS3,1,0.0
KCNV2,1,0.0
KCTD1,1,0.0
KCTD8,1,0.0
KDM1A,1,0.0
KDM1B,1,0.0
KDM2B,1,0.0
KDM4C,1,0.0
KDM6B,1,0.0
KHK,1,0.0
KHNYN,1,0.0
KIAA0090,1,0.0
KIAA0100,1,0.7158520221710205
KIAA0182,1,0.0
KIAA0226,1,0.0
KIAA0513,1,0.0
KIAA0586,1,0.0
KIAA0652,1,0.0
KIAA0753,1,0.0
KIAA0892,1,1.339252233505249
KIAA0895,1,4.96690034866333
KIAA1026,1,0.0
KIAA1199,1,0.0
KIAA1217,1,0.0
KIAA1244,1,0.0
KIAA1524,1,0.0
KIAA1530,1,0.0
KIAA1609,1,0.0
KIAA1704,1,0.0
KIAA1949,1,0.0
KIAA2013,1,0.0
KIF12,1,0.0
KIF18A,1,0.0
KIF1B,1,0.0
KIFC1,1,0.0
KILLIN,1,0.0
KIN,1,0.0
KLC2,1,0.0
KLF12,1,0.0
KLF14,1,0.0
KLF6,1,0.0
KLHL13,1,0.0
KLHL14,1,0.0
KLHL23,1,0.0
KLHL25,1,0.0
KLHL29,1,0.0
KLHL30,1,0.0
KLHL5,1,0.0
KLHL7,1,0.0
KLK10,1,0.0
KLRAQ1,1,0.0
KRTAP22-1,1,0.0
KSR1,1,1.094565749168396
L3MBTL,1,0.0
L3MBTL4,1,0.0
LAIR2,1,0.0
LATS1,1,0.2662529945373535
LCLAT1,1,1.5750658512115479
LCMT2,1,0.0
LCP2,1,0.0
LDHAL6B,1,0.0
LDOC1,1,0.0
LEMD3,1,0.0
LEP,1,0.0
LFNG,1,0.0
LHFPL2,1,0.0
LHX9,1,0.0
LIFR,1,5.323368072509766
LIG4,1,0.0
LIMA1,1,0.0
LIME1,1,0.0
LIMS2,1,0.0
LINGO3,1,0.0
LMBRD2,1,0.0
LMO3,1,0.0
LNP1,1,0.0
LOC100128003,1,0.0
LOC100128164,1,0.0
LOC100128288,1,0.0
LOC100128811,1,0.0
LOC100128977,1,0.0
LOC100129387,1,0.0
LOC100129716,1,0.0
LOC100129726,1,0.0
LOC100130776,1,2.3759727478027344
LOC100130872,1,0.0
LOC100130872-SPON2,1,0.0
LOC100130933,1,0.0
LOC100130987,1,0.0
LOC100131691,1,0.0
LOC100133315,1,0.0
LOC100134713,1,0.0
LOC100192378,1,0.0
LOC100192379,1,4.331357955932617
LOC100272228,1,0.0
LOC100294362,1,0.0
LOC100302401,1,0.0
LOC100302652,1,0.0
LOC100303728,1,0.0
LOC200726,1,0.0
LOC220930,1,0.14654472470283508
LOC388588,1,0.0
LOC399959,1,1.3272089958190918
LOC401052,1,0.4226864278316498
LOC401097,1,0.0
LOC401431,1,0.0
LOC404266,1,0.0
LOC440356,1,0.0
LOC440839,1,0.0
LOC440925,1,0.0
LOC441177,1,0.0
LOC641518,1,0.0
LOC642502,1,0.0
LOC645166,1,0.0
LOC648691,1,0.0
LOC654433,1,0.0
LOC728264,1,0.0
LOC728661,1,0.0
LOC729991,1,0.0
LOC729991-MEF2B,1,0.0
LOC84989,1,0.0
LONRF3,1,0.0
LPP,1,0.0
LPPR1,1,0.0
LRBA,1,0.0
LRFN2,1,0.0
LRFN4,1,0.0
LRRC2,1,0.09240388870239258
LRRC29,1,0.0
LRRC33,1,0.0
LRRC40,1,0.0
LRRC43,1,3.0887746810913086
LRRC49,1,0.08575010299682617
LRRC4B,1,0.0
LRRC56,1,0.0
LRRC8D,1,0.03377038240432739
LSG1,1,0.0
LSM5,1,0.0
LSP1,1,0.0
LSS,1,0.0
LTA,1,0.0
LTBP4,1,0.0
LUC7L2,1,0.0
LXN,1,0.0
LY6D,1,0.0
LY6G5C,1,0.0
LYSMD2,1,0.0
LZIC,1,0.0
MAB21L2,1,0.3149589002132416
MACF1,1,0.0
MACROD1,1,0.0
MACROD2,1,4.929117202758789
MAD2L2,1,0.0
MADD,1,0.0
MAFG,1,0.0
MAFK,1,0.0
MAGED2,1,0.0
MAGI2,1,0.0
MAN2B1,1,0.0
MANBA,1,0.0
MAP1LC3B,1,0.0
MAP2K3,1,0.0
MAP3K1,1,0.0
MAP3K13,1,0.0
MAP3K8,1,1.184053659439087
MAP6,1,0.0
MAP7,1,0.23274090886116028
MAPK10,1,2.2895140647888184
MAPK4,1,0.0
MAPK7,1,0.0
MAPRE2,1,0.0
MAPT,1,0.0
MARCH1,1,0.0
MARCH3,1,0.8284592032432556
MARCH8,1,0.0
MARK2,1,0.0
MAS1L,1,0.0
MASTL,1,0.9288259148597717
MBNL1,1,0.0
MBNL2,1,0.0
MBOAT7,1,3.4828734397888184
MBP,1,0.7995990514755249
MBTD1,1,0.0
MBTPS2,1,0.0
MCAM,1,0.0
MCC,1,2.8419787883758545
MCF2L2,1,0.0
MCM10,1,0.7385298609733582
MCM7,1,0.0
MCM8,1,0.0
MCPH1,1,0.272979736328125
MDC1,1,0.0
MDGA1,1,0.0
MDN1,1,0.0
ME2,1,0.0
MECOM,1,0.0
MED10,1,0.0
MED20,1,0.0
MED24,1,2.30479097366333
MED29,1,0.0
MED8,1,0.0
MEF2D,1,0.0
MEG8,1,0.0
MEGF8,1,0.5651752948760986
MEST,1,0.0
MESTIT1,1,0.0
METT5D1,1,0.0
METTL13,1,0.0
METTL9,1,0.0
MEX3D,1,4.452429294586182
MFSD11,1,0.0
MGAT1,1,1.4656362533569336
MGC16121,1,0.0
MGC16275,1,0.0
MICAL3,1,0.0
MID1,1,0.0
MIPEP,1,0.0
MIR1207,1,0.0
MIR1224,1,0.5703818202018738
MIR1256,1,0.0
MIR127,1,0.0
MIR1286,1,0.508778989315033
MIR1470,1,0.0
MIR191,1,0.0
MIR199A1,1,0.0
MIR2110,1,0.0
MIR33B,1,0.5396026968955994
MIR34C,1,0.0
MIR372,1,0.0
MIR376A1,1,0.0
MIR376B,1,0.0
MIR425,1,0.0
MIR503,1,0.0
MIR548G,1,0.0
MIR654,1,0.0
MITF,1,0.0
MKNK1,1,0.0
MKX,1,0.0
MLH1,1,0.0
MLLT6,1,0.0
MMP15,1,0.0
MOGS,1,0.0
MON2,1,0.0
MORG1,1,0.0
MOSPD1,1,0.0
MOXD1,1,0.0
MPHOSPH8,1,0.0
MPP5,1,0.0
MPPED1,1,4.7503662109375
MPV17L2,1,0.0
MRAS,1,0.0
MRGPRF,1,0.0
MRGPRG,1,0.0
MRGPRX1,1,0.0
MRPL2,1,0.0
MRPL33,1,0.0
MRPL43,1,0.0
MRPL49,1,0.0
MRPL50,1,0.0
MRPS18B,1,0.0
MRPS9,1,0.0
MRTO4,1,0.0
MSH5,1,3.7651190757751465
MSH6,1,0.0
MSI2,1,0.0
MST1,1,0.0
MSX1,1,0.0
MT1A,1,0.0
MTCP1,1,0.0
MTCP1NB,1,0.0
MTERF,1,0.3430049419403076
MTERFD3,1,0.0
MTHFD1,1,0.0
MTHFR,1,0.0
MTIF3,1,0.0
MTO1,1,0.0
MTOR,1,0.0
MTUS1,1,0.0
MUL1,1,0.0
MUM1,1,0.0
MUTYH,1,0.0
MX1,1,0.4843277931213379
MXD1,1,0.0
MYADM,1,0.0
MYADML2,1,5.443340301513672
MYC,1,0.0
MYD88,1,0.0
MYEOV2,1,0.0
MYH6,1,0.0
MYH7,1,0.0
MYL6B,1,2.3134818077087402
MYL7,1,0.0
MYLK2,1,0.0
MYO19,1,0.0
MYO1E,1,0.0
MYO9A,1,0.0
MYO9B,1,0.0
MYOCD,1,0.0
MYOD1,1,0.0
MYOM2,1,0.0
MYT1,1,0.0
MYT1L,1,0.0
NACA,1,0.0
NANOS2,1,0.0
NAP1L4,1,0.0
NAT15,1,0.0
NBAS,1,0.0
NBR2,1,0.0
NCALD,1,0.0
NCAPD2,1,0.0
NCK1,1,0.0
NCOA2,1,0.0
NCOA4,1,0.0
NCOR2,1,0.0
NCRNA00171,1,1.6576181650161743
NDRG2,1,0.0
NDRG4,1,0.0
NDUFA3,1,0.0
NDUFA4L2,1,0.0
NDUFAB1,1,0.0
NDUFAF3,1,0.0
NDUFB11,1,0.0
NDUFB2,1,0.0
NDUFS4,1,0.0
NECAB3,1,0.0
NEDD4L,1,0.0
NEDD8,1,0.0
NEDD9,1,0.0
NEFM,1,0.0
NEK7,1,0.0
NEU1,1,0.0
NEU4,1,0.0
NEURL,1,0.0
NEUROG1,1,0.0
NFASC,1,0.0
NFATC1,1,0.0
NFIA,1,0.0
NFIB,1,1.3199970722198486
NFIC,1,0.0
NFKB2,1,0.0
NFKBIL1,1,0.0
NFKBIZ,1,0.29670190811157227
NFU1,1,0.0
NFYA,1,0.0
NHLRC3,1,0.0
NHP2,1,0.0
NHS,1,0.4095219671726227
NIPA1,1,0.0
NKAIN3,1,0.0
NKIRAS2,1,0.0
NKRF,1,0.0
NKX6-2,1,0.0
NLE1,1,0.0
NLRC4,1,0.0
NLRC5,1,7.913413047790527
NMB,1,0.13050460815429688
NMBR,1,0.0
NMNAT1,1,0.0
NMNAT2,1,0.0
NNAT,1,0.0
NOL7,1,0.0
NOP16,1,0.0
NOP56,1,0.0
NOP58,1,0.0
NOTCH4,1,0.0
NOX3,1,0.0
NPAS2,1,0.0
NPAT,1,0.0
NPC2,1,0.0
NPM1,1,0.0
NPPC,1,0.0
NPR3,1,0.0
NPY2R,1,0.0
NR1D1,1,0.0
NR2F2,1,0.0
NR3C1,1,6.4799299240112305
NR4A3,1,0.0
NRBF2,1,0.0
NRXN2,1,0.0
NSA2,1,0.0
NSD1,1,0.0
NSDHL,1,0.0
NT5C2,1,0.0
NT5C3,1,0.0
NT5DC1,1,0.0
NT5DC2,1,0.0
NTF3,1,0.0
NTM,1,0.0
NTRK1,1,0.0
NUDT10,1,0.0
NUDT5,1,0.0
NUDT6,1,0.0
NUFIP1,1,0.0
NUP43,1,0.0
NUP50,1,0.0
NUP88,1,0.0
NUP98,1,0.0
OAZ3,1,1.3541136980056763
OBFC2B,1,10.564718246459961
OCA2,1,0.0
OCIAD1,1,0.0
OCRL,1,0.5054407119750977
ODZ4,1,0.0
OGDHL,1,0.0
OGFOD2,1,0.0
OGT,1,0.0
OLIG1,1,1.552562952041626
ONECUT2,1,0.0
OPRL1,1,0.0
OPTN,1,0.0
OR10Q1,1,0.0
OR2L13,1,0.0
OR5M10,1,0.0
OR8S1,1,0.0
OR8U8,1,0.0
ORC1L,1,0.0
ORC6L,1,0.0
ORMDL3,1,0.0
OSBPL1A,1,0.0
OSBPL3,1,0.0
OSBPL5,1,0.0
OSBPL8,1,0.0
OSBPL9,1,0.0
OSGIN2,1,0.0
OTUB1,1,0.0
OTUD5,1,0.0
OTX1,1,0.0
OXGR1,1,0.0
P2RY2,1,0.0
P4HA1,1,0.0
P4HTM,1,0.0
PACSIN1,1,0.0
PAF1,1,0.0
PAFAH2,1,0.0
PAK1IP1,1,0.0
PAK3,1,0.0
PAK4,1,0.0
PAK6,1,0.0
PALB2,1,0.0
PANK1,1,0.0
PAOX,1,0.0
PAPOLB,1,0.0
PAQR8,1,0.0
PARD6A,1,0.0
PARP9,1,0.0
PASK,1,0.0
PAX2,1,0.0
PAX3,1,0.0
PAX8,1,0.0
PAX9,1,0.0
PBK,1,0.0
PBLD,1,0.0
PBX2,1,0.2838032841682434
PC,1,0.0
PCDH11X,1,0.0
PCDH8,1,0.0
PCDHA1,1,0.0
PCDHA10,1,0.0
PCDHA11,1,0.0
PCDHA12,1,0.0
PCDHA13,1,0.0
PCDHA2,1,0.0
PCDHA3,1,0.0
PCDHA4,1,0.0
PCDHA5,1,0.0
PCDHA6,1,0.0
PCDHA7,1,0.0
PCDHA8,1,0.0
PCDHA9,1,0.0
PCDHAC1,1,0.0
PCDHB16,1,0.0
PCDHB2,1,0.0
PCDHGA1,1,0.0
PCDHGA10,1,0.0
PCDHGA11,1,0.0
PCDHGA12,1,0.0
PCDHGA2,1,0.0
PCDHGA3,1,0.0
PCDHGA4,1,0.0
PCDHGA5,1,0.0
PCDHGA6,1,0.0
PCDHGA7,1,1.998612403869629
PCDHGA8,1,0.0
PCDHGA9,1,0.0
PCDHGB1,1,0.0
PCDHGB2,1,0.0
PCDHGB3,1,0.0
PCDHGB4,1,0.0
PCDHGB5,1,0.0
PCDHGB6,1,0.0
PCDHGB7,1,0.0
PCDHGC3,1,0.0
PCGF3,1,0.0
PCIF1,1,0.0
PCLO,1,3.933706283569336
PCNA,1,0.0
PCOTH,1,0.0
PCYT1A,1,0.0
PDCD11,1,3.060147762298584
PDCD7,1,0.0
PDE10A,1,0.0
PDE11A,1,8.691728591918945
PDE2A,1,0.0
PDE4B,1,0.0
PDE4D,1,0.0
PDE5A,1,0.0
PDE6B,1,0.0
PDE9A,1,7.583410263061523
PDGFC,1,0.0
PDGFD,1,0.0
PDIA5,1,0.0
PDIK1L,1,0.0
PDP1,1,0.0
PDS5B,1,0.0
PEG10,1,0.0
PEG3,1,0.0
PEMT,1,0.0
PEX11A,1,0.0
PEX11B,1,0.0
PEX5,1,0.0
PFDN6,1,0.0
PFKFB3,1,0.0
PFKM,1,0.0
PGAP2,1,0.0
PGM3,1,0.0
PHF1,1,0.0
PHLDA2,1,0.0
PHLDB1,1,0.0
PHLDB2,1,0.0
PHOSPHO2,1,0.0
PHTF2,1,0.0
PI4KA,1,0.0
PIBF1,1,0.0
PICK1,1,0.3844820261001587
PIGV,1,0.0
PIGW,1,0.0
PIH1D2,1,0.0
PIK3CD,1,0.0
PILRB,1,0.0
PINX1,1,0.0
PIP5K1B,1,0.0
PITPNC1,1,0.0
PITX2,1,0.0
PIWIL2,1,0.0
PKDREJ,1,0.0
PKHD1L1,1,0.014487504959106445
PKIB,1,0.0
PKN1,1,1.2959038019180298
PKNOX2,1,0.0
PLAC8,1,0.0
PLAGL1,1,0.7517257928848267
PLCB2,1,0.0
PLEC1,1,0.0
PLEKHA5,1,0.0
PLEKHA6,1,0.0
PLEKHB2,1,0.0
PLEKHF2,1,0.0
PLEKHG5,1,0.0
PLEKHH2,1,0.0
PLEKHJ1,1,0.0
PLEKHO2,1,0.0
PLXDC2,1,0.0
PMEPA1,1,0.0
PMP22,1,0.0
PMS2L1,1,0.0
PNKD,1,0.0
PNPLA1,1,0.0
PNPLA2,1,0.0
PNPLA6,1,0.0
POLDIP2,1,0.0
POLG,1,0.0
POLH,1,2.9072024822235107
POLK,1,0.0
POLR2B,1,0.0
POLR2L,1,0.0
POMGNT1,1,0.0
PON3,1,1.23411226272583
POU2F1,1,6.563451766967773
POU2F2,1,0.0
POU3F1,1,0.0
POU5F1B,1,0.6755331754684448
PPAP2C,1,0.3643300235271454
PPID,1,0.0
PPM1G,1,0.0
PPM1H,1,0.0
PPM1K,1,0.0
PPP1R10,1,1.902303695678711
PPP1R3D,1,0.0
PPP1R8,1,2.9312994480133057
PPP2CB,1,0.0
PPP2R2B,1,0.0
PPP2R2D,1,0.0
PPT2,1,0.0
PRAME,1,0.0
PRCD,1,0.0
PRDM2,1,0.0
PRDM8,1,0.39588290452957153
PRDX6,1,0.0
PREPL,1,0.0
PRH1,1,0.0
PRIC285,1,1.2626357078552246
PRKAG2,1,0.2651122808456421
PRKAR2A,1,0.0
PRKCA,1,0.0
PRKCE,1,0.0
PRKCZ,1,2.7258944511413574
PRKD2,1,0.0
PRLR,1,7.244460105895996
PRMT7,1,0.0
PROM1,1,0.0
PRPF31,1,0.0
PRPF38A,1,0.0
PRR11,1,0.0
PRR15,1,0.0
PRR23A,1,0.0
PRR3,1,0.0
PRR4,1,0.0
PRR5,1,0.0
PRR5-ARHGAP8,1,0.0
PRR5L,1,0.0
PRRT1,1,0.0
PRSS35,1,0.0
PRSS8,1,0.0
PSCA,1,0.0
PSMA1,1,0.0
PSMB10,1,0.0
PSMB11,1,0.0
PSMB3,1,0.0
PSMB9,1,0.0
PSMC5,1,0.0
PSMD1,1,0.0
PSMD10,1,0.0
PSME2,1,0.0
PSMG2,1,0.0
PSORS1C1,1,0.0
PSRC1,1,0.0
PTCD1,1,0.0
PTCH1,1,13.037924766540527
PTEN,1,0.0
PTGER4,1,0.0
PTK2B,1,0.0
PTN,1,8.098834037780762
PTPN21,1,0.0
PTPRE,1,0.0
PTPRG,1,0.0
PTPRO,1,0.0
PTPRR,1,0.0
PTPRS,1,0.0
PTRH2,1,0.0
PURG,1,0.0
PVRL4,1,0.0
PVT1,1,0.0
PXMP3,1,0.0
PXN,1,0.0
PYGO1,1,3.7926149368286133
PYY,1,0.0
RAB11FIP3,1,0.0
RAB1B,1,0.0
RAB30,1,0.0
RAB3IP,1,0.0
RAB43,1,0.0
RAB4A,1,1.405247688293457
RAB5A,1,0.0
RAB7A,1,1.9806852340698242
RABEP2,1,0.0
RABGEF1,1,1.061679720878601
RACGAP1,1,0.0
RAD21,1,0.0
RAD51,1,0.0
RAD51AP1,1,0.0
RAD51C,1,1.8838412761688232
RAD9B,1,0.0
RADIL,1,1.237058401107788
RAI1,1,0.0
RAI14,1,0.0
RALB,1,0.0
RANGAP1,1,0.0
RANGRF,1,0.0
RAP1A,1,0.0
RAP2B,1,0.0
RAPGEF5,1,0.0
RARG,1,0.0
RASAL2,1,0.0
RASGEF1A,1,0.0
RASGEF1B,1,0.0
RASGRF1,1,0.0
RASSF1,1,0.0
RASSF2,1,0.0
RASSF5,1,0.13692599534988403
RB1,1,0.0
RBM10,1,0.0
RBM12B,1,0.0
RBM15,1,0.0
RBM44,1,0.4364739656448364
RBP5,1,0.0
RBPJ,1,21.533540725708008
RCC1,1,4.660409927368164
RCC2,1,0.0
RCCD1,1,0.0
RDBP,1,0.0
RECQL5,1,0.0
RFPL2,1,0.24082064628601074
RFX2,1,0.0
RFX7,1,0.0
RFX8,1,0.0
RFXANK,1,0.0
RGAG1,1,0.0
RGMA,1,0.0
RGS3,1,1.6589865684509277
RHEB,1,0.0
RHOA,1,0.0
RHOBTB1,1,0.0
RIOK1,1,0.0
RLBP1,1,0.0
RMND1,1,0.0
RNASE4,1,0.0
RNF111,1,0.0
RNF114,1,0.4034639298915863
RNF121,1,0.0
RNF123,1,0.0
RNF139,1,0.0
RNF150,1,0.0
RNF215,1,0.0
RNF220,1,0.0
RNF25,1,0.0
RNF31,1,0.0
RNF34,1,0.09449172019958496
RNF39,1,0.0
RNF4,1,0.0
RNF5P1,1,0.0
RNFT2,1,0.0
RNMTL1,1,0.0
RNPC3,1,0.0
RNPEP,1,0.0
RNPS1,1,0.0
ROBO1,1,0.0
ROBO2,1,0.0
RP9P,1,0.0
RPAIN,1,0.0
RPF2,1,0.0
RPGRIP1L,1,0.2939642667770386
RPL10,1,0.5967581272125244
RPL13A,1,0.0
RPL13AP5,1,0.0
RPL29P2,1,0.0
RPN2,1,0.0
RPP30,1,0.7488674521446228
RPP38,1,17.279739379882812
RPS12,1,0.0
RPS14,1,0.0
RPS15A,1,0.6134239435195923
RPS18,1,0.49120110273361206
RPS19,1,0.0
RPS26,1,0.620436429977417
RPS27A,1,0.0
RPS6KA5,1,0.0
RPSA,1,0.0
RREB1,1,0.0
RRS1,1,0.0
RSBN1,1,0.0
RSU1,1,0.0
RTBDN,1,0.0
RTL1,1,0.0
RTN2,1,0.0
RTN4,1,0.0
RTN4R,1,0.0
RUNDC1,1,0.0
RUNX2,1,0.0
RUNX3,1,0.0
RWDD1,1,0.0
RWDD2A,1,0.0
RXRB,1,0.0
SACS,1,1.1871578693389893
SALL1,1,0.0
SAMD14,1,0.0
SAMD5,1,0.0
SBF2,1,0.0
SBK1,1,0.0
SC4MOL,1,0.0
SCAMP3,1,0.0
SCAMP4,1,0.0
SCAND3,1,0.0
SCCPDH,1,0.0
SCIN,1,0.0
SCMH1,1,0.0
SCML1,1,0.0
SCN3B,1,0.0
SCNN1G,1,0.0
SCO1,1,0.0
SCO2,1,0.0
SCOC,1,0.0
SCRIB,1,0.0
SCRN1,1,0.0
SCRN2,1,0.0
SDF2,1,0.0
SDF4,1,0.0
SDHC,1,0.0
SDHD,1,0.0
SDR42E1,1,0.0
SEC1,1,0.0
SEC13,1,0.0
SEC62,1,0.0
SELO,1,0.0
SELV,1,0.0
SEMA5A,1,0.0
SEMA6C,1,0.0
SEMA6D,1,1.1874980926513672
SENP1,1,0.0
SENP8,1,0.0
SEPHS1,1,0.0
SEPHS2,1,0.0
SEPT2,1,0.0
SEPT9,1,0.0
SERPINA1,1,0.0
SERPINC1,1,0.0
SERPINE2,1,0.0
SERPING1,1,0.0
SERTAD3,1,0.0
SETD4,1,0.0
SF4,1,0.0
SFMBT1,1,0.0
SFN,1,0.0
SFRP1,1,0.0
SFRP2,1,0.0
SFRS11,1,0.0
SFRS2,1,0.0
SFRS9,1,0.0
SFTPC,1,3.706113338470459
SGCE,1,0.0
SGMS1,1,0.0
SGTA,1,0.0
SH2B1,1,0.0
SH3BP2,1,0.0
SH3BP4,1,0.0
SHANK2,1,0.0
SHBG,1,0.0
SHC1,1,8.584833145141602
SHC4,1,0.0
SHOC2,1,1.8898110389709473
SIM1,1,7.156985282897949
SIN3A,1,0.0
SIPA1L3,1,0.0
SKA2,1,10.264168739318848
SKIV2L,1,0.0
SKIV2L2,1,0.0
SLA2,1,0.0
SLAIN1,1,0.0
SLC10A7,1,0.0
SLC11A1,1,0.0
SLC12A2,1,0.0
SLC12A4,1,3.7097561359405518
SLC12A6,1,0.0
SLC12A9,1,0.0
SLC13A4,1,0.0
SLC16A3,1,0.0
SLC20A2,1,0.0
SLC22A18,1,0.0
SLC22A18AS,1,0.0
SLC22A2,1,0.5143693685531616
SLC22A23,1,0.0
SLC24A6,1,0.0
SLC25A3,1,3.617027997970581
SLC25A35,1,0.0
SLC25A44,1,0.0
SLC25A5,1,0.0
SLC26A5,1,0.0
SLC27A3,1,0.0
SLC29A1,1,0.0
SLC2A4,1,0.0
SLC35A3,1,0.32308170199394226
SLC35B3,1,0.0
SLC35C1,1,0.0
SLC39A1,1,0.0
SLC39A10,1,0.0
SLC39A14,1,1.1924664974212646
SLC39A7,1,0.0
SLC39A9,1,0.0
SLC3A2,1,0.0
SLC43A1,1,0.0
SLC44A4,1,0.0
SLC45A3,1,0.0
SLC4A2,1,0.0
SLC5A4,1,0.0
SLC5A8,1,0.0
SLC6A16,1,0.0
SLC6A2,1,0.0
SLC7A6OS,1,0.0
SLC9A8,1,0.0
SLCO2A1,1,0.0
SLCO4C1,1,0.16212137043476105
SLFN11,1,0.0
SLITRK1,1,0.0
SLITRK3,1,0.7389346361160278
SLITRK4,1,0.0
SLU7,1,0.0
SMARCAL1,1,0.0
SMARCD1,1,0.0
SMARCD2,1,0.0
SMARCD3,1,0.0
SMPD4,1,0.0
SMTN,1,0.0
SNAP47,1,0.0
SNAPC4,1,2.4791407585144043
SNCAIP,1,0.0
SND1,1,2.745683193206787
SNHG12,1,0.0
SNHG3-RCC1,1,0.0
SNHG5,1,0.0
SNORA61,1,0.0
SNORD115-15,1,1.4094414710998535
SNORD115-21,1,1.1121411323547363
SNORD125,1,0.0
SNORD2,1,0.0
SNORD50A,1,0.0
SNORD84,1,0.0
SNRK,1,0.0
SNRPA,1,0.0
SNTG1,1,2.357020378112793
SNX5,1,0.0
SOCS2,1,0.0
SOCS3,1,0.0
SOD3,1,0.0
SOLH,1,0.0
SORBS2,1,0.0
SOX2,1,0.0770726203918457
SOX2OT,1,0.0
SOX4,1,0.0
SOX5,1,0.1301688849925995
SP5,1,0.0
SP6,1,0.0
SPATA1,1,6.013684272766113
SPATA13,1,0.0
SPATA4,1,0.0
SPATA5,1,0.0
SPATS2,1,0.0
SPATS2L,1,0.0
SPINT1,1,0.3591543734073639
SPON2,1,0.0
SPRY1,1,0.0
SPSB1,1,0.0
SPSB4,1,15.340803146362305
SPTBN1,1,0.0
SPTBN4,1,0.0
SREBF1,1,0.0
SRGAP3,1,0.0
SRP19,1,2.4893195629119873
SS18L1,1,0.0
SSH1,1,0.0
SSH2,1,0.0
SSR3,1,0.0
SSTR2,1,0.0
ST18,1,1.088184118270874
ST3GAL1,1,0.0
ST3GAL4,1,0.0
ST5,1,0.0
ST6GAL2,1,0.0
STARD13,1,0.0
STARD7,1,0.0
STAT1,1,0.0
STAT4,1,0.0
STC2,1,0.0
STK19,1,0.0
STK31,1,0.0
STK32A,1,0.0
STK32C,1,0.0
STK36,1,0.0
STMN1,1,0.0
STON1-GTF2A1L,1,13.960742950439453
STOX2,1,0.0
STRA6,1,0.0
STRADB,1,0.0
STRN3,1,0.0
SUFU,1,3.3901641368865967
SUPT16H,1,0.0
SUPT6H,1,0.0
SUPV3L1,1,0.0
SVIL,1,0.0
SYN1,1,0.0
SYNE1,1,0.0
SYT1,1,0.0
SYT2,1,0.0
SYT6,1,1.183077096939087
SYTL1,1,0.0
SYVN1,1,0.0
TACC1,1,0.9998741149902344
TACC3,1,0.0
TAF10,1,0.0
TAF1D,1,0.0
TAGAP,1,0.0
TAGLN2,1,0.0
TAL1,1,0.0
TANC1,1,0.0
TAOK1,1,0.0
TAOK3,1,0.0
TAP1,1,0.0
TAP2,1,1.5150384902954102
TAPBP,1,0.0
TAX1BP1,1,0.0
TBC1D16,1,0.0
TBC1D28,1,0.0
TBCD,1,1.6852741241455078
TBRG4,1,0.0
TBX15,1,0.0
TCEA2,1,0.0
TCERG1,1,0.0
TCF19,1,0.0
TCF7,1,0.0
TCIRG1,1,0.0
TCP1,1,0.0
TCP11,1,3.052696466445923
TCP11L1,1,0.0
TCTA,1,0.0
TEAD1,1,0.0
TEC,1,0.0
TEF,1,0.0
TEKT2,1,0.0
TENC1,1,0.0
TET1,1,0.0
TEX11,1,0.0
TEX14,1,0.0
TFAP2A,1,0.0
TFIP11,1,0.0
TFPT,1,0.0
TGFBR2,1,0.0
THADA,1,3.4573681354522705
THAP10,1,2.8371639251708984
THAP11,1,0.0
THAP2,1,0.0
THBS4,1,0.0
THOC4,1,0.0
THRA,1,0.0
THYN1,1,0.0
TIMM8B,1,0.0
TIMM9,1,1.5813941955566406
TINF2,1,0.0
TIRAP,1,0.0
TLE2,1,1.833770751953125
TMBIM1,1,0.0
TMC6,1,0.0
TMC8,1,0.0
TMCC1,1,0.0
TMEM106A,1,0.0
TMEM129,1,0.0
TMEM133,1,0.0
TMEM155,1,0.0
TMEM185A,1,0.0
TMEM199,1,0.0
TMEM200B,1,0.0
TMEM208,1,0.0
TMEM209,1,0.0
TMEM217,1,0.0
TMEM229A,1,0.0
TMEM229B,1,0.0
TMEM30B,1,0.0
TMEM42,1,0.0
TMEM44,1,0.0
TMEM49,1,0.0
TMEM51,1,0.0
TMEM60,1,0.20429998636245728
TMEM63A,1,0.0
TMEM86B,1,0.0
TMEM87B,1,5.363541603088379
TMEM90B,1,0.0
TMEM91,1,0.0
TMSB10,1,0.0
TNFRSF10C,1,0.0
TNFRSF19,1,0.0
TNFRSF9,1,0.0
TNFSF11,1,0.0
TNIP1,1,0.0
TNPO2,1,0.0
TNRC6A,1,0.2686878740787506
TNRC6C,1,0.0
TNS3,1,0.0
TNXB,1,0.0
TOE1,1,0.0
TOMM20,1,0.0
TOMM70A,1,0.0
TOR1AIP2,1,1.805198311805725
TOX2,1,0.0
TP53,1,0.0
TP53BP1,1,0.0
TP53RK,1,0.0
TP73,1,0.0
TPM4,1,0.0
TPMT,1,0.0
TPX2,1,0.0
TRABD,1,0.0
TRADD,1,0.0
TRAK2,1,0.0
TRAPPC1,1,0.0
TRAPPC5,1,0.0
TRERF1,1,0.0
TRIL,1,5.733431816101074
TRIM11,1,0.0
TRIM15,1,0.0
TRIM2,1,0.0
TRIM23,1,0.0
TRIM26,1,0.0
TRIM3,1,0.0
TRIM34,1,0.0
TRIM35,1,0.0
TRIM41,1,0.0
TRIM50,1,0.0
TRIM52,1,0.0
TRIM6-TRIM34,1,0.2900121808052063
TRIOBP,1,0.0
TRMT6,1,0.0
TRPC3,1,0.0
TRPS1,1,0.0
TRPV1,1,1.616092324256897
TRUB1,1,0.0
TSC1,1,0.0
TSC22D3,1,0.0
TSGA10,1,0.0
TSNARE1,1,0.0
TSNAX-DISC1,1,0.0
TSPAN15,1,0.0
TSPAN32,1,0.0
TSPAN4,1,0.0
TSPAN9,1,0.0
TSR1,1,0.0
TSSC1,1,0.10966712236404419
TSSC4,1,0.0
TSSK6,1,0.0
TTBK2,1,0.0
TTC39C,1,0.0
TTC8,1,0.0
TTLL10,1,0.0
TTLL6,1,0.0
TTYH2,1,0.0
TUBA1C,1,0.0
TUBA8,1,1.7656099796295166
TUBB8,1,0.0
TUBGCP2,1,0.0
TXLNA,1,0.0
TXN2,1,0.0
TXNDC12,1,0.0
TXNDC16,1,0.0
TXNDC17,1,0.0
TXNDC9,1,0.0
TXNRD1,1,0.0
TYMP,1,0.0
UBE2D3,1,0.0
UBE2D4,1,0.0
UBE2E1,1,0.0
UBE2I,1,0.44336259365081787
UBE2J2,1,0.0
UBE2L3,1,0.0
UBE2M,1,0.0
UBFD1,1,0.0
UBL4B,1,0.0
UBOX5,1,5.882685661315918
UBTF,1,0.0
UBXN11,1,0.0
UCHL3,1,0.0
UCN3,1,0.0
UFD1L,1,0.0
UGT8,1,0.0
ULK4,1,0.0
UNC45A,1,0.0
UNKL,1,0.0
UPF3B,1,0.0
UQCC,1,0.0
URGCP,1,0.0
UROS,1,0.0
USMG5,1,0.0
USP16,1,0.0
USP19,1,0.0
USP2,1,0.0
USP21,1,0.0
USP29,1,13.447623252868652
USP3,1,0.0
USP36,1,0.0
USP39,1,0.0
USP47,1,0.0
USP5,1,0.0
USP50,1,0.0
USP6NL,1,0.0
VAMP4,1,0.0
VANGL2,1,0.0
VARS2,1,0.0
VASH1,1,0.0
VENTX,1,0.0
VEPH1,1,0.725443422794342
VGLL4,1,0.0
VPS13B,1,0.0
VPS29,1,0.0
VPS35,1,0.0
VPS37C,1,0.0
VPS52,1,0.0
VRK1,1,0.0
VSTM2A,1,1.818376064300537
VSX1,1,0.07903721928596497
VSX2,1,0.0
VTI1A,1,0.0
VWA5B2,1,0.0
WBP1,1,0.0
WDFY4,1,0.0
WDR36,1,0.0
WDR37,1,0.0
WDR45,1,0.0
WDR46,1,0.0
WDR65,1,0.0
WDR75,1,0.0
WDR77,1,0.0
WDR8,1,0.0
WDR81,1,0.0
WDR90,1,0.0
WDR93,1,0.0
WDSUB1,1,0.0
WEE1,1,0.0
WIBG,1,0.0
WIPF1,1,0.0
WIT1,1,0.0
WIZ,1,0.0
WNT2,1,4.844106197357178
WRAP53,1,0.0
WRN,1,0.0
WT1,1,0.0
WWP1,1,0.0
WWTR1,1,0.0
XPO5,1,0.27839305996894836
XRCC3,1,0.0
XRRA1,1,0.0
YIPF1,1,0.0
YME1L1,1,0.0
YPEL3,1,0.0
YTHDF3,1,0.0
ZAK,1,0.0
ZBED5,1,0.0
ZBTB12,1,0.0
ZBTB20,1,0.0
ZBTB22,1,0.0
ZBTB32,1,0.0
ZBTB38,1,0.6151080131530762
ZBTB8B,1,0.0
ZBTB9,1,0.0
ZC3H10,1,0.0
ZC3H12A,1,0.0
ZC3H13,1,0.0
ZC3HAV1L,1,0.0
ZCCHC12,1,0.0
ZDHHC22,1,0.0
ZDHHC5,1,0.0
ZDHHC6,1,0.0
ZDHHC9,1,0.0
ZEB1,1,0.0
ZFAND6,1,0.0
ZFC3H1,1,0.0
ZFHX3,1,0.0
ZFHX4,1,0.0
ZFP36L2,1,0.0
ZFP41,1,0.0
ZFYVE1,1,0.0
ZFYVE19,1,0.0
ZGPAT,1,0.0
ZIC1,1,0.0
ZIC4,1,0.0
ZIM2,1,0.0
ZMAT1,1,8.615140914916992
ZMIZ1,1,0.0
ZMIZ2,1,0.0
ZMYND10,1,0.0
ZMYND11,1,0.0
ZNF12,1,0.0
ZNF121,1,0.9065127372741699
ZNF141,1,0.0
ZNF142,1,0.0
ZNF146,1,0.0
ZNF148,1,0.0
ZNF189,1,0.0
ZNF19,1,0.0
ZNF192,1,0.0
ZNF213,1,0.0
ZNF217,1,6.68816614151001
ZNF22,1,0.0
ZNF225,1,0.0
ZNF236,1,0.0
ZNF252,1,0.0
ZNF256,1,0.0
ZNF264,1,0.0
ZNF274,1,0.0
ZNF277,1,0.0
ZNF286B,1,0.0
ZNF311,1,0.0
ZNF317,1,12.920883178710938
ZNF32,1,0.0
ZNF323,1,0.0
ZNF331,1,0.0
ZNF350,1,0.8166172504425049
ZNF384,1,0.0
ZNF389,1,0.6532893180847168
ZNF391,1,0.5289120674133301
ZNF395,1,0.0
ZNF397,1,0.26058685779571533
ZNF407,1,0.0
ZNF438,1,0.0
ZNF444,1,0.0
ZNF454,1,0.0
ZNF507,1,0.0
ZNF511,1,0.0
ZNF514,1,0.0
ZNF528,1,0.0
ZNF529,1,0.0
ZNF532,1,0.0
ZNF543,1,0.0
ZNF566,1,0.0
ZNF57,1,0.0
ZNF570,1,0.0
ZNF585A,1,0.0
ZNF605,1,0.0
ZNF607,1,0.0
ZNF639,1,0.0
ZNF644,1,0.0
ZNF646,1,0.0
ZNF668,1,0.0
ZNF672,1,0.0
ZNF688,1,0.0
ZNF697,1,0.0
ZNF7,1,0.0
ZNF703,1,0.0
ZNF709,1,0.0
ZNF71,1,0.0
ZNF735,1,0.0
ZNF750,1,0.0
ZNF75D,1,0.0
ZNF774,1,0.0
ZNF830,1,0.0
ZNF879,1,0.265377014875412
ZNRD1,1,0.0
ZSWIM3,1,0.0
ZXDC,1,0.0
ZZEF1,1,0.0
A1CF,2,0.0
A2BP1,2,0.0
A2LD1,2,7.0835347175598145
AACS,2,0.0
AANAT,2,1.5473606586456299
AARSD1,2,0.0
AATK,2,0.4147563576698303
ABCA5,2,13.51479721069336
ABCB1,2,0.0
ABCB9,2,0.0
ABCC1,2,0.0
ABCD1,2,0.0
ABCF2,2,0.0
ABCG1,2,5.952641010284424
ABCG2,2,0.0
ABLIM1,2,0.0
ABR,2,0.0
ACAA1,2,3.441603183746338
ACACA,2,0.0
ACAD10,2,0.0
ACAD8,2,0.0
ACADSB,2,0.0
ACD,2,0.41313987970352173
ACOT4,2,0.0
ACOT7,2,0.0
ACOT8,2,0.0
ACOX3,2,0.0
ACRC,2,9.354761123657227
ACSF2,2,0.0
ACSF3,2,12.571531295776367
ACSL1,2,0.0
ACTA2,2,0.0
ACVR1,2,0.6334779858589172
ADAD1,2,0.0
ADAL,2,0.0
ADAM29,2,0.02868334949016571
ADAM5P,2,0.0
ADAMTS17,2,0.0
ADAT3,2,0.0
ADC,2,0.0
ADCK5,2,7.6576056480407715
ADCY8,2,0.0
ADD2,2,7.583932876586914
ADORA2A,2,0.0
ADPRH,2,0.0
ADPRHL1,2,0.0
ADRA2A,2,0.0
ADRA2C,2,0.0
AEN,2,0.0
AFAP1,2,0.0
AFF3,2,0.0
AGAP1,2,0.0
AGAP2,2,0.21503067016601562
AGBL4,2,3.12652587890625
AGL,2,0.5497434735298157
AGPAT1,2,0.0
AGPAT3,2,0.0
AGPAT4,2,0.0
AGPAT9,2,0.0
AGXT,2,0.0
AHDC1,2,0.0
AHI1,2,0.0
AIDA,2,0.0
AIFM1,2,0.4067516326904297
AKAP5,2,0.0
AKD1,2,0.0
AKR1A1,2,0.0
AKR1E2,2,0.7548500299453735
AKTIP,2,0.0
ALDH3A1,2,0.0
ALDH3B2,2,0.0
ALDOA,2,0.0
ALG11,2,0.0
ALG12,2,0.0
ALKBH3,2,0.0
ALLC,2,4.33657169342041
ALPK3,2,0.0
ALS2,2,2.3546957969665527
ALX4,2,0.0
AMMECR1,2,0.0
AMPD2,2,0.0
AMPD3,2,0.0
AMZ2,2,0.0
ANAPC11,2,0.0
ANG,2,0.0
ANGPT2,2,0.0
ANK2,2,0.0
ANKMY1,2,0.0
ANKRD11,2,0.0
ANKRD26,2,0.0
ANKRD32,2,0.0
ANKRD34A,2,0.0
ANKRD45,2,0.0
ANKS1B,2,0.0
ANP32E,2,0.0
ANXA11,2,0.0
AOX1,2,2.5931320190429688
AP1B1,2,0.030815601348876953
AP3D1,2,0.0
AP4E1,2,0.0
AP4S1,2,0.0
APAF1,2,0.0
APBB1IP,2,0.0
APBB2,2,0.0
APC,2,0.0
AQP11,2,1.167572021484375
AR,2,0.0
ARFGAP1,2,0.0
ARFIP2,2,4.62978458404541
ARHGAP12,2,0.0
ARHGAP29,2,0.0
ARHGEF10,2,0.0
ARHGEF10L,2,1.5469937324523926
ARHGEF12,2,0.0
ARHGEF18,2,0.0
ARHGEF3,2,0.0
ARL1,2,0.0
ARL2BP,2,0.0
ARL4A,2,0.7604122161865234
ARL4C,2,0.0
ARL6,2,0.0
ARL6IP1,2,0.0
ARMC1,2,0.0
ARMC10,2,0.0
ARMC4,2,0.0
ARMCX2,2,0.0
ARRDC2,2,0.0
ARRDC3,2,0.0
ARSB,2,0.20133113861083984
ART3,2,0.0
ARX,2,0.0
ASAM,2,0.0
ASB3,2,0.0
ASCL1,2,4.414118766784668
ASF1B,2,0.0
ASNS,2,0.0
ASPHD1,2,0.0
ATF6B,2,0.0
ATG4A,2,0.0
ATM,2,0.0
ATN1,2,0.43285584449768066
ATOH8,2,0.0
ATP13A1,2,0.0
ATP1A4,2,0.0
ATP2B2,2,0.0
ATP2B4,2,0.0
ATP5C1,2,0.0
ATP5F1,2,0.0
ATP5G1,2,0.0
ATP6V0E2,2,0.0
ATP6V1G2,2,0.0
ATP7B,2,0.0
ATXN1,2,0.0
AURKC,2,0.0
AVEN,2,0.0
B3GALNT1,2,0.0
B3GALT4,2,0.0
B3GNT2,2,0.0
BAD,2,0.0
BAI2,2,0.0
BANF1,2,0.0
BANP,2,3.29083251953125
BAT1,2,3.556046962738037
BAT2,2,0.0
BAT3,2,0.0
BAT4,2,0.0
BBC3,2,0.0
BBX,2,0.07804447412490845
BCAP31,2,0.0
BCAR1,2,0.0
BCAT1,2,0.0
BCCIP,2,0.0
BCL2,2,0.0
BCL2L10,2,0.0
BCL2L11,2,2.4280738830566406
BCL6,2,0.0
BCL7C,2,0.0
BCOR,2,0.0
BCORL1,2,0.0
BCS1L,2,0.0
BCYRN1,2,0.0
BDKRB2,2,0.6277730464935303
BDNF,2,0.0
BEGAIN,2,2.761331558227539
BEND5,2,0.0
BEND6,2,0.0
BHLHA9,2,0.0
BHLHE22,2,0.0
BIK,2,0.0
BLCAP,2,0.0
BLM,2,0.0
BLOC1S1,2,0.0
BLOC1S2,2,0.0
BMP8B,2,0.0
BMS1P4,2,0.5804895162582397
BNC1,2,0.0
BNIPL,2,0.0
BOLL,2,0.0
BPGM,2,0.0
BPNT1,2,0.0
BRAF,2,0.9832281470298767
BRAP,2,0.0
BRCA1,2,0.0
BRCC3,2,0.0
BRD2,2,0.0
BRD3,2,0.0
BRUNOL4,2,0.0
BSCL2,2,0.0
BTBD11,2,0.0
BTBD17,2,0.0
BTBD3,2,0.0
BTG4,2,0.0
BYSL,2,0.0
BZW1,2,0.0
C10orf110,2,0.0
C10orf111,2,0.0
C10orf118,2,0.0
C10orf2,2,0.0
C10orf25,2,0.0
C10orf26,2,0.0
C10orf4,2,0.0
C10orf41,2,3.462085008621216
C10orf58,2,0.6291720867156982
C10orf96,2,3.7461957931518555
C11orf1,2,0.0
C11orf10,2,0.0
C11orf20,2,0.0
C11orf21,2,0.0
C11orf36,2,0.0
C11orf45,2,3.583606243133545
C11orf54,2,0.0
C11orf57,2,0.0
C11orf92,2,0.0
C11orf93,2,0.0
C12orf34,2,0.0
C12orf4,2,0.0
C12orf49,2,0.0
C12orf75,2,0.0
C13orf18,2,0.0
C13orf23,2,0.0
C13orf36,2,0.0
C14orf159,2,0.0
C14orf167,2,0.0
C14orf21,2,0.0
C14orf43,2,0.0
C14orf86,2,0.0
C15orf56,2,0.0
C16orf74,2,0.0
C17orf48,2,0.0
C17orf80,2,0.0
C17orf81,2,0.0
C18orf1,2,0.0
C18orf25,2,0.0
C19orf23,2,0.0
C19orf40,2,0.0
C19orf54,2,0.0
C19orf56,2,0.0
C19orf61,2,0.0
C1GALT1,2,0.0
C1GALT1C1,2,0.0
C1QL1,2,0.0
C1orf103,2,1.0207051038742065
C1orf114,2,0.0
C1orf127,2,0.0
C1orf159,2,0.0
C1orf182,2,6.812849521636963
C1orf183,2,0.0
C1orf187,2,0.0
C1orf21,2,0.0
C1orf210,2,5.727117538452148
C1orf56,2,0.0
C1orf58,2,0.0
C1orf59,2,0.0
C1orf84,2,0.0
C1orf86,2,0.0
C1orf95,2,0.0
C20orf112,2,0.0
C20orf117,2,0.0
C20orf132,2,0.0
C20orf134,2,0.0
C20orf151,2,0.0
C20orf177,2,0.0
C20orf196,2,0.0
C20orf201,2,0.0
C20orf30,2,0.0
C20orf7,2,0.0
C21orf29,2,0.0
C21orf49,2,0.0
C21orf59,2,0.0
C21orf66,2,0.0
C22orf36,2,0.0
C22orf9,2,0.0
C2CD4B,2,0.0
C2orf27A,2,0.0
C2orf34,2,3.4204583168029785
C2orf56,2,0.0
C2orf63,2,0.0
C2orf76,2,0.0
C2orf77,2,0.0
C2orf88,2,0.0
C3orf26,2,0.0
C3orf39,2,0.0
C3orf52,2,0.0
C3orf57,2,0.0
C3orf58,2,0.0
C3orf75,2,0.0
C4orf14,2,0.0
C4orf27,2,0.0
C5orf13,2,0.0
C5orf24,2,0.0
C5orf28,2,0.0
C5orf36,2,0.0
C5orf37,2,0.0
C5orf44,2,0.0
C6orf115,2,2.1118571758270264
C6orf134,2,0.0
C6orf136,2,0.0
C6orf15,2,0.0
C6orf176,2,0.0
C6orf182,2,0.0
C6orf211,2,0.0
C6orf217,2,0.0
C6orf48,2,0.0
C6orf52,2,0.0
C7orf30,2,0.0
C7orf42,2,0.7071614265441895
C7orf44,2,0.0
C7orf50,2,0.4498434066772461
C7orf58,2,0.0
C8orf39,2,0.0
C8orf41,2,0.0
C8orf77,2,0.0
C9orf103,2,0.0
C9orf139,2,3.3438405990600586
C9orf3,2,0.0
CA11,2,0.25571179389953613
CA5BP,2,0.5516102313995361
CA7,2,0.16672056913375854
CABLES1,2,0.0
CACNA1G,2,0.0
CACNA2D3,2,0.0
CACNB2,2,0.0
CAGE1,2,0.0
CALCA,2,0.0
CALHM2,2,0.0
CALM1,2,0.0
CALN1,2,0.0
CAMK2D,2,0.0
CAMKK2,2,0.0
CAMTA1,2,0.12780047953128815
CAND2,2,0.0
CARD11,2,0.0
CARD14,2,0.0
CARHSP1,2,0.0
CARS,2,0.0
CASC3,2,0.0
CASR,2,0.0
CAST,2,8.836037635803223
CASZ1,2,5.484748363494873
CATSPERG,2,0.0
CAV1,2,0.6899255514144897
CBFA2T3,2,1.0693278312683105
CBLC,2,0.0
CBLN2,2,0.0
CBLN3,2,0.0
CBX5,2,0.0
CC2D1B,2,1.1644104719161987
CCDC104,2,0.0
CCDC106,2,0.0
CCDC112,2,0.0
CCDC123,2,0.0
CCDC136,2,10.612807273864746
CCDC140,2,0.2603301703929901
CCDC142,2,0.0
CCDC149,2,0.0
CCDC23,2,0.0
CCDC7,2,0.0
CCDC90B,2,0.0
CCDC96,2,0.0
CCHCR1,2,0.0
CCM2,2,0.0
CCNA1,2,0.0
CCNA2,2,0.8045904636383057
CCND2,2,7.52471399307251
CCND3,2,0.0
CCNY,2,0.0
CCNYL1,2,0.0
CCT3,2,8.71474552154541
CCT6B,2,0.0
CD164L2,2,0.0
CD248,2,0.0
CD44,2,0.0
CD81,2,0.0
CD82,2,0.0
CD8A,2,0.0
CDC10L,2,0.0
CDC123,2,0.0
CDC2,2,0.0
CDC42EP4,2,0.0
CDC45L,2,0.0
CDCA3,2,0.0
CDGAP,2,0.0
CDH18,2,0.0
CDH23,2,0.0
CDH6,2,2.631119728088379
CDIPT,2,0.0
CDK1,2,0.0
CDK11B,2,3.0606343746185303
CDK4,2,0.0
CDK5,2,0.0
CDK5RAP3,2,0.0
CDK6,2,0.0
CDK7,2,0.0
CDKN1C,2,0.0
CDKN2C,2,0.0
CDS2,2,0.0
CEBPZ,2,0.0
CELSR3,2,0.0
CENPT,2,0.0
CENPV,2,0.0
CEP350,2,0.0
CEP68,2,0.0
CEP76,2,0.0
CETN2,2,3.1612863540649414
CFL1,2,0.0
CFLAR,2,0.0
CHAD,2,0.0
CHFR,2,0.0
CHKB-CPT1B,2,0.0
CHMP2A,2,0.0
CHPF2,2,0.0
CHRM2,2,0.0
CHRM5,2,0.0
CHRNA2,2,0.0
CHRNA6,2,0.0
CHST1,2,0.0
CHST8,2,0.0
CIRBP,2,0.0
CISH,2,0.0
CITED2,2,0.0
CKAP5,2,0.0
CKLF,2,0.0
CLASP1,2,0.0
CLCN5,2,0.0
CLCN6,2,0.0
CLDN14,2,0.4398435652256012
CLDN3,2,0.0
CLDN6,2,0.0
CLDN9,2,0.0
CLEC4C,2,0.0
CLIP1,2,0.0
CLSTN3,2,0.0
CLVS1,2,0.0
CMAH,2,0.0
CMBL,2,0.0
CMC1,2,0.0
CNIH4,2,0.22209927439689636
CNOT2,2,0.8355144262313843
CNPY1,2,2.083608627319336
CNTN4,2,0.0
CNTNAP2,2,0.0
CNTROB,2,0.0
COASY,2,1.6140507459640503
COG5,2,0.0
COL11A2,2,0.0
COL12A1,2,0.0
COL23A1,2,0.0
COL4A3BP,2,0.0
COL9A3,2,0.0
COLEC11,2,1.1853394508361816
COMTD1,2,12.788569450378418
COPB1,2,0.0
COPG,2,0.0
COX18,2,0.0
CPE,2,0.0
CPEB1,2,0.0
CPLX2,2,0.0
CPNE4,2,5.58162784576416
CPSF4,2,0.0
CPT1B,2,0.0
CR1,2,0.0
CR1L,2,0.0
CREB5,2,0.0
CRISP2,2,0.0
CRLS1,2,0.0
CRY2,2,0.0
CRYGB,2,0.0
CSGALNACT1,2,0.0
CSMD3,2,0.0
CSNK2B,2,0.0
CSPP1,2,0.0
CTBP1,2,0.0
CTBP2,2,0.0
CTPS2,2,0.4950481951236725
CTRC,2,0.0
CTSB,2,0.0
CTSZ,2,0.0
CUGBP2,2,0.0
CUL1,2,0.0
CUL4A,2,0.0
CUTA,2,0.2126150131225586
CWF19L2,2,11.01547908782959
CXCL2,2,0.0
CXCR4,2,0.0
CXCR5,2,0.0
CXXC4,2,0.6818897128105164
CXXC5,2,0.0
CXorf36,2,0.0
CXorf38,2,0.0
CXorf40B,2,0.0
CYB5D2,2,0.0
CYFIP1,2,0.0
CYGB,2,0.0
CYP1A1,2,0.0
CYP1B1,2,0.0
CYP26C1,2,0.0
CYorf15A,2,0.0
DAB1,2,0.0
DACH1,2,0.011940717697143555
DAGLA,2,0.0
DALRD3,2,10.594738006591797
DAXX,2,0.0
DBI,2,0.0
DBN1,2,0.0
DBR1,2,0.0
DBX1,2,0.0
DCAF4,2,0.41034752130508423
DCTN5,2,0.0
DDAH2,2,0.4101700782775879
DDHD2,2,0.0
DDOST,2,0.0
DDR1,2,0.0
DDX17,2,0.0
DDX24,2,0.0
DDX6,2,0.0
DENND4B,2,0.0
DERA,2,0.0
DES,2,0.0
DGKZ,2,0.0
DHDDS,2,0.0
DHDH,2,0.0
DHRS1,2,0.0
DHRS4,2,0.0
DHX16,2,0.0
DHX29,2,0.23593100905418396
DHX30,2,0.0
DIAPH2,2,0.0
DIDO1,2,0.0
DIS3,2,0.0
DIS3L2,2,0.0
DKC1,2,0.0
DKFZp566F0947,2,0.0
DLG2,2,4.093812465667725
DLG4,2,0.0
DLGAP2,2,0.0
DLGAP4,2,0.0
DLK1,2,4.121044158935547
DLL1,2,0.0
DLL4,2,0.0
DLX1,2,0.0
DLX2,2,0.0
DLX4,2,0.0
DMD,2,6.869289875030518
DMRTB1,2,0.0
DNAH2,2,0.0
DNAH7,2,0.0
DNAJC17,2,0.0
DNAJC5,2,0.0
DNAL1,2,0.0
DNASE1L2,2,0.0
DNM1,2,0.0
DNM1L,2,0.0
DNM2,2,0.0
DOCK4,2,0.0
DOM3Z,2,0.0
DPAGT1,2,1.3321040868759155
DPH1,2,0.0
DPH2,2,0.0
DPH5,2,0.0
DPY19L2,2,0.0
DRD2,2,0.0
DRD5,2,0.0
DSCAM,2,0.0
DSCC1,2,0.0
DSE,2,0.0
DST,2,0.0
DTNA,2,0.0
DTNBP1,2,0.0
DTX3L,2,0.0
DULLARD,2,0.0
DUS3L,2,0.0
DUS4L,2,0.0
DUSP1,2,0.0
DUSP10,2,0.0
DUSP4,2,4.451546669006348
DYNLL1,2,0.0
DZIP1,2,0.0
DZIP1L,2,0.0
DZIP3,2,0.0
EARS2,2,0.0
EBAG9,2,0.0
EBNA1BP2,2,0.0
ECE2,2,0.0
EDA,2,0.0
EDN1,2,0.0
EDNRA,2,0.0
EDNRB,2,0.0
EED,2,0.0
EEF2,2,0.0
EFCAB5,2,0.0
EFEMP1,2,0.0
EFNA4,2,0.0
EGLN3,2,0.0
EHHADH,2,0.0
EHMT1,2,0.17876863479614258
EHMT2,2,0.0
EI24,2,0.0
EID1,2,0.0
EIF1AD,2,0.0
EIF4A2,2,0.0
EIF4E3,2,0.0
EIF4G2,2,0.0
EIF4G3,2,0.2065088003873825
EIF5A2,2,0.0
EIF5B,2,0.0
ELFN1,2,0.0
ELL,2,1.4582264423370361
ELMO1,2,0.0
ELMO2,2,0.0
ELOVL5,2,0.0
ELOVL7,2,0.0
EMILIN1,2,0.0
EML4,2,1.7366173267364502
EMP1,2,0.0
EMX2,2,0.0
EMX2OS,2,0.0
ENO1,2,0.0
ENTPD1,2,0.0
EPB41,2,0.0
EPB41L3,2,14.087255477905273
EPB49,2,0.0
EPHA10,2,0.0
EPHB6,2,0.4840000867843628
EPM2AIP1,2,0.0
EPN1,2,0.0
EPPK1,2,0.0
ERBB2,2,0.0
ERH,2,0.0
ERICH1,2,0.0
ERLEC1,2,0.0
ERLIN2,2,0.0
ERMAP,2,0.0
ERRFI1,2,0.0
ESF1,2,0.0
ESR1,2,0.0
ESRRG,2,0.0
ESX1,2,0.0
ESYT3,2,0.0
ETAA1,2,0.0
ETV1,2,0.0
EVX1,2,0.0
EVX2,2,0.0
EXOC2,2,1.7834962606430054
EXOC3L,2,0.0
EXTL2,2,0.0
EXTL3,2,0.498562216758728
EYA2,2,0.0
FAH,2,4.151282787322998
FAIM,2,0.0
FAM104A,2,0.0
FAM109A,2,3.7985129356384277
FAM110B,2,0.0
FAM115A,2,0.0
FAM118B,2,0.0
FAM120C,2,0.0
FAM122A,2,3.078409194946289
FAM122C,2,0.0
FAM128B,2,0.0
FAM13B,2,0.0
FAM172A,2,0.0
FAM176A,2,0.0
FAM181A,2,0.0
FAM190A,2,0.0
FAM192A,2,0.526495635509491
FAM20B,2,0.0
FAM24B,2,0.0
FAM35A,2,0.0
FAM3C,2,1.686842918395996
FAM49A,2,0.0
FAM54B,2,0.0
FAM55C,2,0.0
FAM5B,2,0.0
FAM63B,2,0.0
FAM65A,2,0.0
FAM65B,2,0.0
FAM82B,2,7.879961013793945
FAM83D,2,0.0
FAM84A,2,0.0
FAM96A,2,0.0
FANCM,2,0.0
FARP1,2,0.0
FARSB,2,0.0
FAS,2,0.0
FASTKD5,2,0.0
FAT1,2,0.0
FAT4,2,0.0
FAU,2,0.0
FBLIM1,2,0.0
FBRSL1,2,0.0
FBXL13,2,0.0
FBXL19,2,17.016361236572266
FBXL8,2,0.0
FBXO31,2,0.0
FBXO38,2,0.21006208658218384
FBXO42,2,0.0
FBXO43,2,0.0
FBXO5,2,0.0
FBXO7,2,1.7859559059143066
FDXACB1,2,0.0
FEM1A,2,4.550468444824219
FEN1,2,0.0
FGF12,2,0.0
FGF13,2,0.0
FGFRL1,2,0.0
FHIT,2,0.0
FHL1,2,0.0
FIG4,2,0.0
FIGNL2,2,0.0
FILIP1,2,0.0
FILIP1L,2,0.0
FKBP2,2,0.0
FKBP3,2,0.0
FKBP6,2,0.20385396480560303
FKBPL,2,0.0
FLI1,2,0.0
FLJ10038,2,0.0
FLJ30058,2,0.0
FLJ33630,2,0.0
FLJ35220,2,0.0
FLJ44606,2,0.0
FLJ45983,2,0.0
FLRT2,2,0.0
FN3KRP,2,0.0
FNDC3B,2,0.0
FNDC4,2,0.0
FOXB1,2,0.0
FOXO3,2,0.0
FOXP1,2,0.0
FRAT1,2,0.0
FREM2,2,0.0
FRMD6,2,0.0
FRS2,2,0.0
FRY,2,0.0
FRYL,2,0.0
FSTL5,2,0.0
FTO,2,0.0
FTSJ3,2,0.0
FUNDC2,2,0.0
FXC1,2,0.0
FXR2,2,0.0
FYB,2,0.0
FYN,2,0.0
G6PC3,2,0.0
G6PD,2,0.0
GAB3,2,0.0
GABBR1,2,0.0
GABPB1,2,0.0
GABRA3,2,0.0
GABRA5,2,0.0
GALK2,2,0.0
GALNT9,2,0.0
GALR1,2,0.0
GARS,2,0.0
GAS5,2,0.0
GATA2,2,0.0
GATA3,2,0.0
GATA4,2,0.0
GBF1,2,0.0
GCKR,2,0.0
GCNT2,2,0.0
GCOM1,2,0.0
GDF2,2,0.0
GDF7,2,0.0
GFI1,2,0.0
GFM1,2,0.0
GFM2,2,0.0
GFOD1,2,0.0
GFPT1,2,0.0
GGT1,2,0.3445620536804199
GHSR,2,0.0
GJD2,2,0.147194966673851
GLI1,2,0.0
GLOD4,2,0.0
GLT25D1,2,0.0
GLUD1,2,0.0
GMEB1,2,2.673356771469116
GMPR2,2,0.0
GNAS,2,0.0
GNASAS,2,0.0
GNB1,2,0.0
GNG2,2,0.0
GNG4,2,0.0
GNG5,2,0.0
GNG7,2,0.0
GNL1,2,0.0
GNL3L,2,0.0
GNMT,2,0.0
GNPDA1,2,0.0
GNRHR2,2,0.0
GOLGA3,2,0.0
GOLSYN,2,0.0
GPATCH1,2,0.22131073474884033
GPBP1,2,0.0
GPBP1L1,2,0.0
GPKOW,2,0.0
GPM6A,2,0.0
GPR12,2,0.0
GPR132,2,0.0
GPR135,2,0.0
GPR137,2,0.0
GPR137C,2,0.0
GPR158,2,0.0
GPR20,2,0.0
GPR55,2,0.0
GPR6,2,0.0
GPR63,2,0.0
GPSM3,2,7.678804397583008
GRAMD3,2,2.057450532913208
GRAMD4,2,0.8794450759887695
GRB10,2,0.0
GREB1,2,0.0
GRIN2B,2,0.0
GRM3,2,0.0
GRN,2,0.0
GSDMA,2,0.0
GSDMB,2,0.0
GSDMD,2,0.0
GSK3B,2,0.0
GSTCD,2,0.0
GSTM5,2,0.0
GSTO2,2,0.0
GSTZ1,2,0.0
GTDC1,2,4.213122844696045
GTF2H4,2,0.0
GTPBP5,2,0.0
GUCY1A2,2,0.0
GUCY2E,2,0.0
GULP1,2,0.0
H19,2,0.0
H1FNT,2,0.0
H2AFJ,2,0.0
H2AFY,2,0.0
HAP1,2,0.0
HARBI1,2,0.0
HARS,2,0.0
HARS2,2,0.0
HAS3,2,0.0
HAUS5,2,0.0
HAUS8,2,0.0
HCCA2,2,0.0
HCG27,2,0.0
HDAC4,2,0.0
HDDC3,2,0.0
HDGFRP3,2,0.0
HDLBP,2,0.0
HEATR1,2,0.0
HEATR4,2,0.0
HECW1,2,0.0
HERC3,2,0.0
HERC6,2,0.0
HGC6.3,2,0.0
HIGD1A,2,0.0
HIGD2A,2,0.0
HIPK1,2,13.926291465759277
HIST1H1C,2,0.0
HIST1H1E,2,0.0
HIST1H2AB,2,0.0
HIST1H2AG,2,0.0
HIST1H2AK,2,0.0
HIST1H2BJ,2,0.0
HIST1H2BN,2,0.0
HIST1H4J,2,0.0
HIST2H2BE,2,0.0
HIST3H2A,2,0.0
HIST3H2BB,2,0.0
HIVEP3,2,0.0
HLA-E,2,0.0
HLA-G,2,0.0
HLTF,2,0.0
HMCN1,2,0.0
HMGXB4,2,0.0
HMOX2,2,0.0
HNRNPA1,2,0.0
HNRNPC,2,0.0
HNRNPF,2,0.0
HNRNPH3,2,0.0
HNRPA1L-2,2,0.0
HOPX,2,23.918106079101562
HOXA1,2,0.0
HOXA3,2,0.0
HOXA4,2,0.0
HOXA5,2,0.0
HOXB4,2,0.0
HOXB5,2,0.0
HOXC12,2,0.0
HOXC4,2,0.0
HOXC5,2,0.0
HOXC6,2,0.0
HPCAL1,2,0.0
HRASLS,2,0.0
HRH1,2,0.0
HRH2,2,5.610411167144775
HRNBP3,2,0.0
HRNR,2,0.0
HS3ST3A1,2,0.0
HSD11B2,2,0.0
HSDL1,2,11.782456398010254
HSPA13,2,0.09589138627052307
HSPA1A,2,0.0
HSPA1B,2,0.0
HSPA1L,2,0.0
HSPA2,2,13.430434226989746
HTR1E,2,0.0
HTR2A,2,0.0
HTR2C,2,0.0
HUWE1,2,0.0
HYOU1,2,0.0
ICAM3,2,0.0
ID2,2,0.0
IDI2,2,0.0
IER3IP1,2,0.0
IFI27L1,2,9.085948944091797
IFITM1,2,0.0
IFITM5,2,0.0
IFT88,2,0.0
IGF2,2,0.0
IGF2AS,2,0.0
IGF2R,2,0.0
IGFBP3,2,0.0
IGSF11,2,17.490798950195312
IKBIP,2,0.0
IKBKG,2,0.0
IKZF5,2,0.0
IL17RA,2,0.0
IL1RAPL2,2,0.032550662755966187
IL1RN,2,0.0
INCA1,2,0.0
INF2,2,0.0
ING1,2,0.0
INPP5D,2,0.0
INS-IGF2,2,0.0
INSC,2,0.0
INTS12,2,0.0
INTS6,2,0.0
IP6K2,2,0.0
IPO7,2,0.0
IQCC,2,0.0
IQSEC1,2,0.09455472230911255
IQSEC3,2,0.45581841468811035
IRF1,2,0.0
IRF2,2,1.4532827138900757
IRF5,2,0.0
IRX5,2,0.0
ISCA2,2,0.0
ISM1,2,0.0
ITFG3,2,0.0
ITGA8,2,0.4010234475135803
ITPR2,2,0.16582870483398438
ITPRIPL1,2,0.0
IZUMO1,2,0.0
JAKMIP1,2,0.0
JMJD1C,2,0.0
JMJD4,2,0.0
JUB,2,0.0
KANK2,2,0.0
KATNAL1,2,0.0
KAZALD1,2,0.0
KCNA3,2,0.0
KCNA5,2,0.0
KCNA7,2,0.0
KCNAB1,2,0.0
KCNB2,2,0.0
KCNG1,2,0.0
KCNH3,2,0.0
KCNIP4,2,0.0
KCNJ16,2,0.0
KCNJ5,2,0.0
KCNK10,2,0.0
KCNMB3,2,0.0
KCNQ1,2,0.0
KCNQ1DN,2,12.760019302368164
KCNQ1OT1,2,0.0
KCNS3,2,0.0
KCNV2,2,0.0
KCTD1,2,0.0
KCTD8,2,0.0
KDM1A,2,1.9340052604675293
KDM1B,2,0.0
KDM2B,2,0.0
KDM4C,2,0.43448615074157715
KDM6B,2,0.0
KHK,2,0.0
KHNYN,2,0.0
KIAA0090,2,0.0
KIAA0100,2,0.0
KIAA0182,2,0.0
KIAA0226,2,0.0
KIAA0513,2,0.0
KIAA0586,2,0.0
KIAA0652,2,0.0
KIAA0753,2,0.0
KIAA0892,2,0.0
KIAA0895,2,1.3865461349487305
KIAA1026,2,0.0
KIAA1199,2,0.0
KIAA1217,2,0.0
KIAA1244,2,0.21245254576206207
KIAA1524,2,0.0
KIAA1530,2,0.0
KIAA1609,2,0.7847174406051636
KIAA1704,2,0.0
KIAA1949,2,0.0
KIAA2013,2,0.0
KIF12,2,1.084669828414917
KIF18A,2,0.0
KIF1B,2,0.0
KIFC1,2,0.0
KILLIN,2,0.0
KIN,2,0.0
KLC2,2,0.0
KLF12,2,0.0
KLF14,2,0.0
KLF6,2,0.0
KLHL13,2,0.0
KLHL14,2,0.0
KLHL23,2,0.0
KLHL25,2,0.0
KLHL29,2,4.469748497009277
KLHL30,2,0.0
KLHL5,2,0.0
KLHL7,2,0.0
KLK10,2,0.0
KLRAQ1,2,0.0
KRTAP22-1,2,0.0
KSR1,2,0.22823822498321533
L3MBTL,2,0.0
L3MBTL4,2,0.0
LAIR2,2,0.05831491947174072
LATS1,2,0.0
LCLAT1,2,4.555378437042236
LCMT2,2,0.0
LCP2,2,4.658803939819336
LDHAL6B,2,0.0
LDOC1,2,0.0
LEMD3,2,0.0
LEP,2,0.0
LFNG,2,0.0
LHFPL2,2,0.0
LHX9,2,0.0
LIFR,2,0.0
LIG4,2,0.0
LIMA1,2,0.0
LIME1,2,0.0
LIMS2,2,0.0
LINGO3,2,0.0
LMBRD2,2,0.0
LMO3,2,0.0
LNP1,2,0.0
LOC100128003,2,0.0
LOC100128164,2,0.0
LOC100128288,2,0.0
LOC100128811,2,0.0
LOC100128977,2,0.0
LOC100129387,2,0.0
LOC100129716,2,0.0
LOC100129726,2,0.38323354721069336
LOC100130776,2,0.0
LOC100130872,2,0.0
LOC100130872-SPON2,2,0.0
LOC100130933,2,0.0
LOC100130987,2,0.0
LOC100131691,2,0.0
LOC100133315,2,0.0
LOC100134713,2,8.615429878234863
LOC100192378,2,0.0
LOC100192379,2,0.0
LOC100272228,2,0.0
LOC100294362,2,0.0
LOC100302401,2,14.92108154296875
LOC100302652,2,0.0
LOC100303728,2,0.0
LOC200726,2,0.0
LOC220930,2,0.0
LOC388588,2,0.0
LOC399959,2,0.0
LOC401052,2,0.0
LOC401097,2,0.0
LOC401431,2,0.22122037410736084
LOC404266,2,0.0
LOC440356,2,0.0
LOC440839,2,0.0
LOC440925,2,0.0
LOC441177,2,0.0
LOC641518,2,0.0
LOC642502,2,0.0
LOC645166,2,0.0
LOC648691,2,1.1005473136901855
LOC654433,2,0.0
LOC728264,2,0.0
LOC728661,2,0.0
LOC729991,2,0.0
LOC729991-MEF2B,2,0.0
LOC84989,2,0.0
LONRF3,2,0.0
LPP,2,0.0
LPPR1,2,0.0
LRBA,2,0.0
LRFN2,2,2.4046945571899414
LRFN4,2,0.0
LRRC2,2,0.0
LRRC29,2,0.0
LRRC33,2,0.0
LRRC40,2,0.0
LRRC43,2,0.0
LRRC49,2,0.0
LRRC4B,2,0.0
LRRC56,2,0.0
LRRC8D,2,0.0
LSG1,2,0.0
LSM5,2,0.0
LSP1,2,0.0
LSS,2,0.0
LTA,2,0.0
LTBP4,2,0.0
LUC7L2,2,6.639223575592041
LXN,2,0.0
LY6D,2,0.0
LY6G5C,2,0.0
LYSMD2,2,0.0
LZIC,2,0.0
MAB21L2,2,0.0
MACF1,2,16.17510986328125
MACROD1,2,0.0
MACROD2,2,0.0
MAD2L2,2,0.0
MADD,2,0.0
MAFG,2,0.0
MAFK,2,0.0
MAGED2,2,0.0
MAGI2,2,0.0
MAN2B1,2,0.0
MANBA,2,0.0
MAP1LC3B,2,0.0
MAP2K3,2,0.0
MAP3K1,2,0.0
MAP3K13,2,0.0
MAP3K8,2,0.0
MAP6,2,0.0
MAP7,2,0.0
MAPK10,2,0.0
MAPK4,2,0.0
MAPK7,2,0.0
MAPRE2,2,0.0
MAPT,2,0.0
MARCH1,2,0.0
MARCH3,2,0.0
MARCH8,2,0.0
MARK2,2,0.0
MAS1L,2,0.0
MASTL,2,2.541430950164795
MBNL1,2,8.327341079711914
MBNL2,2,0.0
MBOAT7,2,0.0
MBP,2,0.0
MBTD1,2,0.0
MBTPS2,2,0.0
MCAM,2,0.0
MCC,2,0.0
MCF2L2,2,0.0
MCM10,2,0.0
MCM7,2,0.0
MCM8,2,0.0
MCPH1,2,0.0
MDC1,2,0.0
MDGA1,2,0.0
MDN1,2,2.6310856342315674
ME2,2,0.0
MECOM,2,0.0
MED10,2,0.0
MED20,2,0.0
MED24,2,0.25345689058303833
MED29,2,0.0
MED8,2,0.0
MEF2D,2,0.0
MEG8,2,1.8918194770812988
MEGF8,2,0.0
MEST,2,0.0
MESTIT1,2,0.0
METT5D1,2,0.0
METTL13,2,0.0
METTL9,2,1.799725890159607
MEX3D,2,0.3839151859283447
MFSD11,2,0.0
MGAT1,2,0.0
MGC16121,2,0.0
MGC16275,2,0.0
MICAL3,2,0.0
MID1,2,0.0
MIPEP,2,0.0
MIR1207,2,0.0
MIR1224,2,0.0
MIR1256,2,0.0
MIR127,2,0.0
MIR1286,2,0.0
MIR1470,2,0.0
MIR191,2,0.0
MIR199A1,2,0.0
MIR2110,2,0.0
MIR33B,2,0.0
MIR34C,2,0.0
MIR372,2,0.0
MIR376A1,2,0.0
MIR376B,2,0.0
MIR425,2,0.0
MIR503,2,0.0
MIR548G,2,0.0
MIR654,2,0.0
MITF,2,0.0
MKNK1,2,0.0
MKX,2,0.0
MLH1,2,0.0
MLLT6,2,0.0
MMP15,2,0.0
MOGS,2,0.0
MON2,2,0.0
MORG1,2,0.6080894470214844
MOSPD1,2,0.0
MOXD1,2,0.0
MPHOSPH8,2,0.0
MPP5,2,0.0
MPPED1,2,0.9577401280403137
MPV17L2,2,0.0
MRAS,2,0.0
MRGPRF,2,0.0
MRGPRG,2,0.0
MRGPRX1,2,1.3850157260894775
MRPL2,2,0.0
MRPL33,2,0.0
MRPL43,2,0.0
MRPL49,2,0.0
MRPL50,2,0.0
MRPS18B,2,0.0
MRPS9,2,0.0
MRTO4,2,0.0
MSH5,2,0.0
MSH6,2,0.0
MSI2,2,0.0
MST1,2,0.0
MSX1,2,0.0
MT1A,2,0.0
MTCP1,2,0.0
MTCP1NB,2,0.0
MTERF,2,0.0
MTERFD3,2,0.0
MTHFD1,2,0.0
MTHFR,2,0.0
MTIF3,2,0.0
MTO1,2,0.3006736934185028
MTOR,2,0.0
MTUS1,2,0.0
MUL1,2,0.0
MUM1,2,0.0
MUTYH,2,0.0
MX1,2,1.2722783088684082
MXD1,2,0.0
MYADM,2,0.0
MYADML2,2,5.2250237464904785
MYC,2,0.0
MYD88,2,0.0
MYEOV2,2,0.0
MYH6,2,0.0
MYH7,2,0.0
MYL6B,2,0.0
MYL7,2,1.056499719619751
MYLK2,2,2.624868869781494
MYO19,2,0.0
MYO1E,2,0.0
MYO9A,2,0.3477334976196289
MYO9B,2,0.0
MYOCD,2,0.0
MYOD1,2,0.0
MYOM2,2,0.0
MYT1,2,0.0
MYT1L,2,0.0
NACA,2,0.0
NANOS2,2,0.0
NAP1L4,2,0.0
NAT15,2,0.0
NBAS,2,0.0
NBR2,2,0.0
NCALD,2,0.0
NCAPD2,2,0.0
NCK1,2,0.0
NCOA2,2,0.0
NCOA4,2,0.0
NCOR2,2,0.0
NCRNA00171,2,0.0
NDRG2,2,0.0
NDRG4,2,0.0
NDUFA3,2,0.0
NDUFA4L2,2,0.0
NDUFAB1,2,0.0
NDUFAF3,2,0.0
NDUFB11,2,2.8518893718719482
NDUFB2,2,0.4271184802055359
NDUFS4,2,0.0
NECAB3,2,4.245514869689941
NEDD4L,2,0.0
NEDD8,2,0.0
NEDD9,2,0.0
NEFM,2,0.0
NEK7,2,0.0
NEU1,2,0.0
NEU4,2,0.0
NEURL,2,0.0
NEUROG1,2,0.0
NFASC,2,0.0
NFATC1,2,0.0
NFIA,2,0.0
NFIB,2,0.0
NFIC,2,0.7829122543334961
NFKB2,2,0.0
NFKBIL1,2,0.0
NFKBIZ,2,0.0
NFU1,2,0.0
NFYA,2,0.0
NHLRC3,2,0.35417628288269043
NHP2,2,0.0
NHS,2,6.429628849029541
NIPA1,2,0.0
NKAIN3,2,0.0
NKIRAS2,2,0.0
NKRF,2,0.0
NKX6-2,2,0.0
NLE1,2,0.0
NLRC4,2,0.0
NLRC5,2,0.0
NMB,2,1.348275065422058
NMBR,2,1.7520923614501953
NMNAT1,2,0.0
NMNAT2,2,0.0
NNAT,2,0.0
NOL7,2,0.08532729744911194
NOP16,2,0.0
NOP56,2,0.0
NOP58,2,0.0
NOTCH4,2,0.0
NOX3,2,0.0
NPAS2,2,0.0
NPAT,2,0.0
NPC2,2,0.0
NPM1,2,0.0
NPPC,2,0.0
NPR3,2,0.0
NPY2R,2,0.0
NR1D1,2,0.0
NR2F2,2,0.0
NR3C1,2,0.0
NR4A3,2,0.0
NRBF2,2,0.0
NRXN2,2,0.0
NSA2,2,0.0
NSD1,2,0.0
NSDHL,2,1.5239008665084839
NT5C2,2,0.0
NT5C3,2,0.0
NT5DC1,2,0.0
NT5DC2,2,0.0
NTF3,2,0.0
NTM,2,0.0
NTRK1,2,0.0
NUDT10,2,0.0
NUDT5,2,0.0
NUDT6,2,0.0
NUFIP1,2,0.0
NUP43,2,0.2563931345939636
NUP50,2,0.0
NUP88,2,0.0
NUP98,2,0.0
OAZ3,2,0.0
OBFC2B,2,5.78129243850708
OCA2,2,0.33129775524139404
OCIAD1,2,0.0
OCRL,2,0.0
ODZ4,2,0.0
OGDHL,2,0.5484203100204468
OGFOD2,2,0.0
OGT,2,0.0
OLIG1,2,0.6523914337158203
ONECUT2,2,0.0
OPRL1,2,0.0
OPTN,2,0.0
OR10Q1,2,0.0
OR2L13,2,0.0
OR5M10,2,0.0
OR8S1,2,0.0
OR8U8,2,0.0
ORC1L,2,0.0
ORC6L,2,0.0
ORMDL3,2,2.521927833557129
OSBPL1A,2,0.0
OSBPL3,2,0.0
OSBPL5,2,0.0
OSBPL8,2,0.0
OSBPL9,2,0.0
OSGIN2,2,0.0
OTUB1,2,0.0
OTUD5,2,0.0
OTX1,2,0.0
OXGR1,2,0.0
P2RY2,2,0.0
P4HA1,2,0.0
P4HTM,2,0.0
PACSIN1,2,0.0
PAF1,2,1.59340238571167
PAFAH2,2,0.0
PAK1IP1,2,0.0
PAK3,2,0.0
PAK4,2,0.0
PAK6,2,0.0
PALB2,2,0.0
PANK1,2,0.0
PAOX,2,0.0
PAPOLB,2,0.0
PAQR8,2,0.0
PARD6A,2,0.0
PARP9,2,0.0
PASK,2,0.0
PAX2,2,0.0
PAX3,2,0.0
PAX8,2,0.0
PAX9,2,0.0
PBK,2,0.0
PBLD,2,0.0
PBX2,2,0.0
PC,2,0.0
PCDH11X,2,0.0
PCDH8,2,0.0
PCDHA1,2,0.0
PCDHA10,2,0.0
PCDHA11,2,0.0
PCDHA12,2,0.0
PCDHA13,2,0.0
PCDHA2,2,0.0
PCDHA3,2,0.0
PCDHA4,2,0.0
PCDHA5,2,1.2710593938827515
PCDHA6,2,0.0
PCDHA7,2,0.0
PCDHA8,2,0.0
PCDHA9,2,0.0
PCDHAC1,2,0.0
PCDHB16,2,0.0
PCDHB2,2,0.0
PCDHGA1,2,0.0
PCDHGA10,2,0.0
PCDHGA11,2,0.0
PCDHGA12,2,0.0
PCDHGA2,2,0.0
PCDHGA3,2,0.0
PCDHGA4,2,0.0
PCDHGA5,2,0.0
PCDHGA6,2,0.0
PCDHGA7,2,0.0
PCDHGA8,2,0.0
PCDHGA9,2,0.0
PCDHGB1,2,0.0
PCDHGB2,2,0.0
PCDHGB3,2,0.0
PCDHGB4,2,0.0
PCDHGB5,2,0.0
PCDHGB6,2,0.0
PCDHGB7,2,2.921454429626465
PCDHGC3,2,0.0
PCGF3,2,0.0
PCIF1,2,0.0
PCLO,2,1.9662643671035767
PCNA,2,0.0
PCOTH,2,0.0
PCYT1A,2,0.0
PDCD11,2,0.0
PDCD7,2,0.0
PDE10A,2,0.0
PDE11A,2,1.4373633861541748
PDE2A,2,0.0
PDE4B,2,0.0
PDE4D,2,0.7504380941390991
PDE5A,2,0.0
PDE6B,2,0.0
PDE9A,2,0.0
PDGFC,2,0.0
PDGFD,2,0.0
PDIA5,2,8.782400131225586
PDIK1L,2,0.0
PDP1,2,0.0
PDS5B,2,0.36631059646606445
PEG10,2,0.0
PEG3,2,0.0
PEMT,2,0.0
PEX11A,2,0.0
PEX11B,2,0.0
PEX5,2,0.0
PFDN6,2,0.0
PFKFB3,2,0.0
PFKM,2,0.0
PGAP2,2,0.0
PGM3,2,0.0
PHF1,2,3.6330223083496094
PHLDA2,2,0.252670019865036
PHLDB1,2,0.0
PHLDB2,2,0.0
PHOSPHO2,2,0.0
PHTF2,2,0.0
PI4KA,2,0.0
PIBF1,2,0.0
PICK1,2,0.0
PIGV,2,15.524428367614746
PIGW,2,0.2006758749485016
PIH1D2,2,0.0
PIK3CD,2,0.0
PILRB,2,0.0
PINX1,2,0.0
PIP5K1B,2,0.0
PITPNC1,2,0.0
PITX2,2,0.0
PIWIL2,2,0.0
PKDREJ,2,0.0
PKHD1L1,2,0.0
PKIB,2,0.0
PKN1,2,0.0
PKNOX2,2,0.0
PLAC8,2,0.0
PLAGL1,2,4.584937572479248
PLCB2,2,0.0
PLEC1,2,0.0
PLEKHA5,2,0.0
PLEKHA6,2,0.0
PLEKHB2,2,0.0
PLEKHF2,2,0.0
PLEKHG5,2,0.0
PLEKHH2,2,0.0
PLEKHJ1,2,0.0
PLEKHO2,2,0.0
PLXDC2,2,0.0
PMEPA1,2,0.0
PMP22,2,0.0
PMS2L1,2,0.0
PNKD,2,0.7419371604919434
PNPLA1,2,0.0
PNPLA2,2,0.0
PNPLA6,2,0.0
POLDIP2,2,0.0
POLG,2,1.6834471225738525
POLH,2,0.0
POLK,2,0.0
POLR2B,2,0.0
POLR2L,2,0.0
POMGNT1,2,0.0
PON3,2,0.0
POU2F1,2,0.0
POU2F2,2,0.0
POU3F1,2,0.0
POU5F1B,2,0.0
PPAP2C,2,0.0
PPID,2,0.0
PPM1G,2,0.0
PPM1H,2,0.0
PPM1K,2,0.8765430450439453
PPP1R10,2,4.301534652709961
PPP1R3D,2,0.0
PPP1R8,2,0.058607276529073715
PPP2CB,2,0.0
PPP2R2B,2,0.0
PPP2R2D,2,0.0
PPT2,2,0.0
PRAME,2,0.0
PRCD,2,0.0
PRDM2,2,0.0
PRDM8,2,6.699727535247803
PRDX6,2,0.0
PREPL,2,0.0
PRH1,2,0.0
PRIC285,2,6.195252418518066
PRKAG2,2,0.0
PRKAR2A,2,0.0
PRKCA,2,0.0
PRKCE,2,0.0
PRKCZ,2,0.0
PRKD2,2,0.7821748852729797
PRLR,2,0.0
PRMT7,2,0.0
PROM1,2,0.0
PRPF31,2,0.0
PRPF38A,2,0.0
PRR11,2,0.0
PRR15,2,0.0
PRR23A,2,0.0
PRR3,2,0.0
PRR4,2,0.0
PRR5,2,0.0
PRR5-ARHGAP8,2,0.0
PRR5L,2,0.0
PRRT1,2,0.0
PRSS35,2,9.79257869720459
PRSS8,2,0.0
PSCA,2,0.0
PSMA1,2,0.0
PSMB10,2,0.0
PSMB11,2,0.0
PSMB3,2,0.0
PSMB9,2,0.0
PSMC5,2,0.0
PSMD1,2,0.0
PSMD10,2,0.0
PSME2,2,0.0
PSMG2,2,0.0
PSORS1C1,2,0.0
PSRC1,2,0.0
PTCD1,2,0.0
PTCH1,2,0.0
PTEN,2,0.0
PTGER4,2,0.0
PTK2B,2,0.0
PTN,2,3.9690823554992676
PTPN21,2,0.0
PTPRE,2,0.0
PTPRG,2,0.0
PTPRO,2,0.0
PTPRR,2,0.0
PTPRS,2,0.0
PTRH2,2,0.0
PURG,2,0.0
PVRL4,2,0.0
PVT1,2,0.0
PXMP3,2,0.0
PXN,2,0.0
PYGO1,2,8.138297080993652
PYY,2,0.0
RAB11FIP3,2,0.0
RAB1B,2,0.0
RAB30,2,0.0
RAB3IP,2,0.0
RAB43,2,0.0
RAB4A,2,11.94723129272461
RAB5A,2,0.0
RAB7A,2,0.0
RABEP2,2,0.0
RABGEF1,2,0.0
RACGAP1,2,0.0
RAD21,2,0.0
RAD51,2,0.0
RAD51AP1,2,0.0
RAD51C,2,0.0
RAD9B,2,0.0
RADIL,2,0.0
RAI1,2,0.0
RAI14,2,0.0
RALB,2,1.7273508310317993
RANGAP1,2,0.0
RANGRF,2,0.0
RAP1A,2,0.0
RAP2B,2,0.0
RAPGEF5,2,0.0
RARG,2,0.0
RASAL2,2,0.0
RASGEF1A,2,0.0
RASGEF1B,2,0.0
RASGRF1,2,1.183089256286621
RASSF1,2,0.0
RASSF2,2,0.0
RASSF5,2,0.0
RB1,2,0.0
RBM10,2,0.0
RBM12B,2,0.0
RBM15,2,0.0
RBM44,2,0.5659056901931763
RBP5,2,0.0
RBPJ,2,2.773005247116089
RCC1,2,0.0
RCC2,2,0.0
RCCD1,2,0.0
RDBP,2,0.0
RECQL5,2,0.0
RFPL2,2,0.0
RFX2,2,0.0
RFX7,2,0.0
RFX8,2,0.0
RFXANK,2,0.0
RGAG1,2,0.0
RGMA,2,0.0
RGS3,2,0.0
RHEB,2,0.0
RHOA,2,0.0
RHOBTB1,2,0.0
RIOK1,2,0.0
RLBP1,2,0.0
RMND1,2,0.0
RNASE4,2,0.0
RNF111,2,0.0
RNF114,2,0.0
RNF121,2,0.0
RNF123,2,0.0
RNF139,2,1.46597421169281
RNF150,2,0.0
RNF215,2,0.0
RNF220,2,0.13699817657470703
RNF25,2,0.0
RNF31,2,0.0
RNF34,2,0.0
RNF39,2,0.0
RNF4,2,0.0
RNF5P1,2,0.0
RNFT2,2,0.0
RNMTL1,2,0.0
RNPC3,2,0.0
RNPEP,2,0.0
RNPS1,2,0.0
ROBO1,2,0.0
ROBO2,2,0.0
RP9P,2,0.0
RPAIN,2,0.0
RPF2,2,0.0
RPGRIP1L,2,0.0
RPL10,2,0.0
RPL13A,2,0.0
RPL13AP5,2,0.0
RPL29P2,2,0.0
RPN2,2,0.0
RPP30,2,2.3126673698425293
RPP38,2,1.2491341829299927
RPS12,2,0.0
RPS14,2,0.0
RPS15A,2,0.0
RPS18,2,0.4548752009868622
RPS19,2,0.0
RPS26,2,0.0
RPS27A,2,0.0
RPS6KA5,2,0.0
RPSA,2,0.0
RREB1,2,0.0
RRS1,2,0.0
RSBN1,2,0.0
RSU1,2,0.0
RTBDN,2,0.0
RTL1,2,0.0
RTN2,2,0.0
RTN4,2,0.0
RTN4R,2,0.0
RUNDC1,2,0.0
RUNX2,2,0.0
RUNX3,2,0.0
RWDD1,2,0.0
RWDD2A,2,0.0
RXRB,2,0.0
SACS,2,0.0
SALL1,2,0.0
SAMD14,2,0.0
SAMD5,2,0.0
SBF2,2,0.0
SBK1,2,0.0
SC4MOL,2,0.0
SCAMP3,2,0.0
SCAMP4,2,0.0
SCAND3,2,0.0
SCCPDH,2,0.0
SCIN,2,0.0
SCMH1,2,0.0
SCML1,2,0.0
SCN3B,2,0.0
SCNN1G,2,0.0
SCO1,2,0.0
SCO2,2,0.0
SCOC,2,0.0
SCRIB,2,0.0
SCRN1,2,0.0
SCRN2,2,0.0
SDF2,2,0.3510007858276367
SDF4,2,0.0
SDHC,2,0.0
SDHD,2,0.0
SDR42E1,2,0.0
SEC1,2,0.0
SEC13,2,0.0
SEC62,2,0.0
SELO,2,0.0
SELV,2,0.0
SEMA5A,2,0.0
SEMA6C,2,0.0
SEMA6D,2,5.143420696258545
SENP1,2,0.0
SENP8,2,0.0
SEPHS1,2,0.0
SEPHS2,2,0.0
SEPT2,2,0.0
SEPT9,2,0.0
SERPINA1,2,2.3214190006256104
SERPINC1,2,0.0
SERPINE2,2,0.0
SERPING1,2,0.0
SERTAD3,2,0.0
SETD4,2,0.0
SF4,2,0.0
SFMBT1,2,0.0
SFN,2,0.0
SFRP1,2,0.0
SFRP2,2,0.0
SFRS11,2,0.0
SFRS2,2,0.0
SFRS9,2,1.6326639652252197
SFTPC,2,0.0
SGCE,2,0.0
SGMS1,2,0.0
SGTA,2,0.0
SH2B1,2,0.0
SH3BP2,2,0.3610595464706421
SH3BP4,2,0.0
SHANK2,2,0.0
SHBG,2,0.0
SHC1,2,1.2876529693603516
SHC4,2,0.0
SHOC2,2,0.0
SIM1,2,0.0
SIN3A,2,0.5376933217048645
SIPA1L3,2,0.0
SKA2,2,0.0
SKIV2L,2,0.0
SKIV2L2,2,0.3341662585735321
SLA2,2,0.0
SLAIN1,2,0.0
SLC10A7,2,0.0
SLC11A1,2,0.273725688457489
SLC12A2,2,0.0
SLC12A4,2,0.0
SLC12A6,2,0.4081212878227234
SLC12A9,2,0.0
SLC13A4,2,0.0
SLC16A3,2,0.0
SLC20A2,2,0.0
SLC22A18,2,0.0
SLC22A18AS,2,0.0
SLC22A2,2,0.227474182844162
SLC22A23,2,0.0
SLC24A6,2,0.0
SLC25A3,2,0.0
SLC25A35,2,0.0
SLC25A44,2,0.9823846817016602
SLC25A5,2,0.0
SLC26A5,2,0.0
SLC27A3,2,0.0
SLC29A1,2,0.0
SLC2A4,2,0.0
SLC35A3,2,0.0
SLC35B3,2,0.0
SLC35C1,2,0.0
SLC39A1,2,0.0
SLC39A10,2,5.904991149902344
SLC39A14,2,0.0
SLC39A7,2,0.0
SLC39A9,2,0.0
SLC3A2,2,0.0
SLC43A1,2,0.0
SLC44A4,2,0.0
SLC45A3,2,0.0
SLC4A2,2,0.0
SLC5A4,2,0.0
SLC5A8,2,0.0
SLC6A16,2,0.0
SLC6A2,2,0.24808716773986816
SLC7A6OS,2,0.0
SLC9A8,2,0.0
SLCO2A1,2,0.0
SLCO4C1,2,0.0
SLFN11,2,0.0
SLITRK1,2,0.0
SLITRK3,2,0.0
SLITRK4,2,0.11057525873184204
SLU7,2,0.0
SMARCAL1,2,0.0
SMARCD1,2,0.0
SMARCD2,2,0.0
SMARCD3,2,0.0
SMPD4,2,0.0
SMTN,2,0.0
SNAP47,2,0.0
SNAPC4,2,0.0
SNCAIP,2,0.0
SND1,2,0.0
SNHG12,2,0.0
SNHG3-RCC1,2,0.0
SNHG5,2,0.0
SNORA61,2,0.0
SNORD115-15,2,0.0
SNORD115-21,2,0.0
SNORD125,2,0.0
SNORD2,2,0.0
SNORD50A,2,0.0
SNORD84,2,0.0
SNRK,2,0.0
SNRPA,2,0.0
SNTG1,2,0.0
SNX5,2,0.0
SOCS2,2,0.0
SOCS3,2,0.0
SOD3,2,0.0
SOLH,2,0.0
SORBS2,2,0.0
SOX2,2,0.0
SOX2OT,2,0.0
SOX4,2,3.2741968631744385
SOX5,2,0.0
SP5,2,0.0
SP6,2,0.0
SPATA1,2,0.0
SPATA13,2,0.0
SPATA4,2,0.0
SPATA5,2,0.0
SPATS2,2,0.0
SPATS2L,2,0.0
SPINT1,2,0.0
SPON2,2,0.0
SPRY1,2,0.0
SPSB1,2,0.0
SPSB4,2,7.947563171386719
SPTBN1,2,3.497501850128174
SPTBN4,2,0.0
SREBF1,2,0.0
SRGAP3,2,0.0
SRP19,2,0.0
SS18L1,2,0.0
SSH1,2,0.0
SSH2,2,0.0
SSR3,2,0.0
SSTR2,2,0.0
ST18,2,2.070023775100708
ST3GAL1,2,0.0
ST3GAL4,2,0.0
ST5,2,0.0
ST6GAL2,2,0.0
STARD13,2,0.0
STARD7,2,0.0
STAT1,2,0.5555828809738159
STAT4,2,0.0
STC2,2,0.26947832107543945
STK19,2,0.0
STK31,2,0.0
STK32A,2,0.2876940369606018
STK32C,2,0.0
STK36,2,0.0
STMN1,2,0.0
STON1-GTF2A1L,2,1.3438446521759033
STOX2,2,0.0
STRA6,2,0.0
STRADB,2,0.0
STRN3,2,0.0
SUFU,2,0.0
SUPT16H,2,0.0
SUPT6H,2,0.0
SUPV3L1,2,0.0
SVIL,2,0.0
SYN1,2,0.0
SYNE1,2,0.0
SYT1,2,0.0
SYT2,2,0.0
SYT6,2,0.0
SYTL1,2,0.0
SYVN1,2,0.0
TACC1,2,0.0
TACC3,2,0.0
TAF10,2,0.0
TAF1D,2,0.0
TAGAP,2,0.0
TAGLN2,2,0.0
TAL1,2,0.0
TANC1,2,0.0
TAOK1,2,0.0
TAOK3,2,0.0
TAP1,2,0.0
TAP2,2,0.37734174728393555
TAPBP,2,0.0
TAX1BP1,2,7.5899858474731445
TBC1D16,2,0.0
TBC1D28,2,0.0
TBCD,2,0.0
TBRG4,2,0.0
TBX15,2,0.0
TCEA2,2,0.0
TCERG1,2,0.0
TCF19,2,0.0
TCF7,2,0.0
TCIRG1,2,0.0
TCP1,2,0.0
TCP11,2,2.17950177192688
TCP11L1,2,0.0
TCTA,2,0.0
TEAD1,2,0.0
TEC,2,0.0
TEF,2,0.0
TEKT2,2,0.0
TENC1,2,0.0
TET1,2,0.0
TEX11,2,0.0
TEX14,2,0.0
TFAP2A,2,0.0
TFIP11,2,0.0
TFPT,2,0.0
TGFBR2,2,1.116369366645813
THADA,2,0.0
THAP10,2,0.0
THAP11,2,0.0
THAP2,2,0.0
THBS4,2,0.0
THOC4,2,0.0
THRA,2,0.0
THYN1,2,0.0
TIMM8B,2,0.0
TIMM9,2,0.0
TINF2,2,0.0
TIRAP,2,0.0
TLE2,2,0.0
TMBIM1,2,0.0
TMC6,2,0.0
TMC8,2,0.0
TMCC1,2,0.0
TMEM106A,2,0.14950168132781982
TMEM129,2,0.0
TMEM133,2,0.0
TMEM155,2,0.0
TMEM185A,2,4.136056900024414
TMEM199,2,0.0
TMEM200B,2,0.0
TMEM208,2,0.0
TMEM209,2,0.0
TMEM217,2,0.0
TMEM229A,2,0.0
TMEM229B,2,0.0
TMEM30B,2,0.0
TMEM42,2,0.0
TMEM44,2,0.0
TMEM49,2,0.0
TMEM51,2,0.0
TMEM60,2,0.0
TMEM63A,2,0.0
TMEM86B,2,0.3690749406814575
TMEM87B,2,0.0
TMEM90B,2,0.0
TMEM91,2,0.0
TMSB10,2,0.0
TNFRSF10C,2,0.0
TNFRSF19,2,0.0
TNFRSF9,2,0.0
TNFSF11,2,0.0
TNIP1,2,0.0
TNPO2,2,0.0
TNRC6A,2,0.0
TNRC6C,2,0.0
TNS3,2,0.0
TNXB,2,0.0
TOE1,2,0.0
TOMM20,2,0.0
TOMM70A,2,0.0
TOR1AIP2,2,1.530839443206787
TOX2,2,0.0
TP53,2,0.0
TP53BP1,2,8.030441284179688
TP53RK,2,0.0
TP73,2,0.0
TPM4,2,0.0
TPMT,2,0.0
TPX2,2,0.0
TRABD,2,0.0
TRADD,2,0.0
TRAK2,2,0.0
TRAPPC1,2,0.0
TRAPPC5,2,0.0
TRERF1,2,3.316831350326538
TRIL,2,0.0
TRIM11,2,0.0
TRIM15,2,0.0
TRIM2,2,0.0
TRIM23,2,0.0
TRIM26,2,0.0
TRIM3,2,0.0
TRIM34,2,0.0
TRIM35,2,0.0
TRIM41,2,0.9075620770454407
TRIM50,2,0.0
TRIM52,2,0.0
TRIM6-TRIM34,2,0.0
TRIOBP,2,0.0
TRMT6,2,0.0
TRPC3,2,3.3692142963409424
TRPS1,2,0.0
TRPV1,2,0.0
TRUB1,2,0.239610955119133
TSC1,2,0.0
TSC22D3,2,0.0
TSGA10,2,0.0
TSNARE1,2,0.0
TSNAX-DISC1,2,0.0
TSPAN15,2,0.0
TSPAN32,2,0.0
TSPAN4,2,0.9434653520584106
TSPAN9,2,0.0
TSR1,2,0.0
TSSC1,2,0.0
TSSC4,2,0.0
TSSK6,2,0.0
TTBK2,2,0.0
TTC39C,2,0.0
TTC8,2,0.0
TTLL10,2,0.0
TTLL6,2,0.0
TTYH2,2,0.0
TUBA1C,2,0.0
TUBA8,2,0.0
TUBB8,2,0.0
TUBGCP2,2,0.0
TXLNA,2,0.0
TXN2,2,0.3460701107978821
TXNDC12,2,0.0
TXNDC16,2,0.0
TXNDC17,2,0.0
TXNDC9,2,0.0
TXNRD1,2,0.0
TYMP,2,0.0
UBE2D3,2,0.0
UBE2D4,2,0.0
UBE2E1,2,0.0
UBE2I,2,0.0
UBE2J2,2,0.0
UBE2L3,2,20.612892150878906
UBE2M,2,0.0
UBFD1,2,0.0
UBL4B,2,0.0
UBOX5,2,0.0
UBTF,2,3.4795963764190674
UBXN11,2,0.0
UCHL3,2,0.0
UCN3,2,0.0
UFD1L,2,0.0
UGT8,2,0.0
ULK4,2,0.0
UNC45A,2,0.0
UNKL,2,0.0
UPF3B,2,0.0
UQCC,2,0.0
URGCP,2,0.0
UROS,2,0.0
USMG5,2,0.0
USP16,2,0.0
USP19,2,0.0
USP2,2,0.0
USP21,2,0.0
USP29,2,0.0
USP3,2,0.0
USP36,2,0.0
USP39,2,0.0
USP47,2,0.0
USP5,2,0.0
USP50,2,0.0
USP6NL,2,0.0
VAMP4,2,1.3760879039764404
VANGL2,2,0.0
VARS2,2,3.031589984893799
VASH1,2,0.0
VENTX,2,0.0
VEPH1,2,0.0
VGLL4,2,0.0
VPS13B,2,0.0
VPS29,2,0.0
VPS35,2,0.0
VPS37C,2,0.0
VPS52,2,0.0
VRK1,2,9.096644401550293
VSTM2A,2,3.0085766315460205
VSX1,2,0.0
VSX2,2,0.0
VTI1A,2,0.0
VWA5B2,2,0.0
WBP1,2,0.0
WDFY4,2,0.0
WDR36,2,0.0
WDR37,2,0.0
WDR45,2,0.0
WDR46,2,0.0
WDR65,2,0.0
WDR75,2,0.0
WDR77,2,0.0
WDR8,2,0.0
WDR81,2,0.0
WDR90,2,0.0
WDR93,2,0.0
WDSUB1,2,0.0
WEE1,2,0.0
WIBG,2,0.0
WIPF1,2,0.0
WIT1,2,0.0
WIZ,2,0.0
WNT2,2,0.0
WRAP53,2,0.12985602021217346
WRN,2,0.0
WT1,2,0.0
WWP1,2,0.0
WWTR1,2,0.0
XPO5,2,0.39446139335632324
XRCC3,2,0.0
XRRA1,2,0.0
YIPF1,2,0.0
YME1L1,2,0.6177033185958862
YPEL3,2,0.0
YTHDF3,2,0.0
ZAK,2,0.0
ZBED5,2,0.0
ZBTB12,2,0.0
ZBTB20,2,0.0
ZBTB22,2,0.0
ZBTB32,2,0.0
ZBTB38,2,12.585434913635254
ZBTB8B,2,0.0
ZBTB9,2,0.0
ZC3H10,2,0.0
ZC3H12A,2,0.0
ZC3H13,2,0.0
ZC3HAV1L,2,0.0
ZCCHC12,2,0.0
ZDHHC22,2,0.0
ZDHHC5,2,0.0
ZDHHC6,2,0.0
ZDHHC9,2,0.0
ZEB1,2,0.0
ZFAND6,2,0.0
ZFC3H1,2,0.0
ZFHX3,2,0.0
ZFHX4,2,0.0
ZFP36L2,2,0.22748543322086334
ZFP41,2,0.0
ZFYVE1,2,5.33217191696167
ZFYVE19,2,0.0
ZGPAT,2,0.0
ZIC1,2,0.7424971461296082
ZIC4,2,0.0
ZIM2,2,0.0
ZMAT1,2,0.0
ZMIZ1,2,0.22220683097839355
ZMIZ2,2,0.0
ZMYND10,2,0.0
ZMYND11,2,0.0
ZNF12,2,0.0
ZNF121,2,3.1425435543060303
ZNF141,2,0.0
ZNF142,2,0.0
ZNF146,2,0.0
ZNF148,2,0.0
ZNF189,2,0.0
ZNF19,2,0.0
ZNF192,2,0.0
ZNF213,2,0.0
ZNF217,2,0.0
ZNF22,2,0.0
ZNF225,2,0.0
ZNF236,2,0.0
ZNF252,2,0.0
ZNF256,2,0.0
ZNF264,2,0.0
ZNF274,2,0.0
ZNF277,2,0.0
ZNF286B,2,0.0
ZNF311,2,0.0
ZNF317,2,0.6776749491691589
ZNF32,2,0.1763644814491272
ZNF323,2,2.134676933288574
ZNF331,2,0.0
ZNF350,2,1.4123058319091797
ZNF384,2,0.0
ZNF389,2,0.0
ZNF391,2,0.0
ZNF395,2,0.0
ZNF397,2,0.0
ZNF407,2,1.2306604385375977
ZNF438,2,0.0
ZNF444,2,0.0
ZNF454,2,0.0
ZNF507,2,0.0
ZNF511,2,0.0
ZNF514,2,0.0
ZNF528,2,0.0
ZNF529,2,0.0
ZNF532,2,0.0
ZNF543,2,0.0
ZNF566,2,0.0
ZNF57,2,0.6414358615875244
ZNF570,2,0.0
ZNF585A,2,0.0
ZNF605,2,0.27411049604415894
ZNF607,2,0.0
ZNF639,2,0.0
ZNF644,2,0.0
ZNF646,2,0.0
ZNF668,2,0.0
ZNF672,2,0.0
ZNF688,2,0.0
ZNF697,2,0.0
ZNF7,2,0.0
ZNF703,2,0.0
ZNF709,2,0.7504937648773193
ZNF71,2,1.5164084434509277
ZNF735,2,0.5499163269996643
ZNF750,2,0.0
ZNF75D,2,0.0
ZNF774,2,0.0
ZNF830,2,0.0
ZNF879,2,0.0
ZNRD1,2,0.0
ZSWIM3,2,0.0
ZXDC,2,0.0
ZZEF1,2,0.0
A1CF,3,0.0
A2BP1,3,0.0
A2LD1,3,0.0
AACS,3,0.0
AANAT,3,0.0
AARSD1,3,9.440753936767578
AATK,3,3.173177719116211
ABCA5,3,0.0
ABCB1,3,0.0
ABCB9,3,0.0
ABCC1,3,0.0
ABCD1,3,0.0
ABCF2,3,0.0
ABCG1,3,0.8340386748313904
ABCG2,3,0.0
ABLIM1,3,0.0
ABR,3,0.5645716190338135
ACAA1,3,4.827022552490234
ACACA,3,0.0
ACAD10,3,0.0
ACAD8,3,0.0
ACADSB,3,0.0
ACD,3,0.0
ACOT4,3,0.0
ACOT7,3,0.0
ACOT8,3,0.0
ACOX3,3,2.365145206451416
ACRC,3,5.05264949798584
ACSF2,3,0.0
ACSF3,3,0.0
ACSL1,3,0.7987678050994873
ACTA2,3,0.0
ACVR1,3,0.0
ADAD1,3,0.0
ADAL,3,0.0
ADAM29,3,0.0
ADAM5P,3,0.0
ADAMTS17,3,0.0
ADAT3,3,0.0
ADC,3,0.0
ADCK5,3,0.0
ADCY8,3,0.0
ADD2,3,0.4766254425048828
ADORA2A,3,0.17589282989501953
ADPRH,3,0.0
ADPRHL1,3,0.0
ADRA2A,3,0.0
ADRA2C,3,0.0
AEN,3,0.0
AFAP1,3,0.0
AFF3,3,0.0
AGAP1,3,4.649288177490234
AGAP2,3,0.0
AGBL4,3,5.635664939880371
AGL,3,0.2687181830406189
AGPAT1,3,0.0
AGPAT3,3,0.0
AGPAT4,3,0.6275351047515869
AGPAT9,3,0.0
AGXT,3,0.0
AHDC1,3,0.0
AHI1,3,0.0
AIDA,3,0.0
AIFM1,3,0.0
AKAP5,3,0.0
AKD1,3,0.0
AKR1A1,3,0.0
AKR1E2,3,0.0
AKTIP,3,0.0
ALDH3A1,3,0.0
ALDH3B2,3,0.0
ALDOA,3,0.0
ALG11,3,0.18594622611999512
ALG12,3,0.0
ALKBH3,3,0.0
ALLC,3,0.0
ALPK3,3,0.0
ALS2,3,0.9891054034233093
ALX4,3,0.0
AMMECR1,3,0.0
AMPD2,3,0.0
AMPD3,3,0.0
AMZ2,3,0.0
ANAPC11,3,0.0
ANG,3,0.0
ANGPT2,3,5.2710652351379395
ANK2,3,0.0
ANKMY1,3,0.0
ANKRD11,3,0.0
ANKRD26,3,0.0
ANKRD32,3,0.0
ANKRD34A,3,1.8201069831848145
ANKRD45,3,0.0
ANKS1B,3,0.0
ANP32E,3,0.0
ANXA11,3,0.0
AOX1,3,0.0
AP1B1,3,0.0
AP3D1,3,0.238334059715271
AP4E1,3,0.0
AP4S1,3,6.157047271728516
APAF1,3,0.0
APBB1IP,3,0.0
APBB2,3,0.0
APC,3,0.0
AQP11,3,0.0
AR,3,0.0
ARFGAP1,3,0.0
ARFIP2,3,0.0
ARHGAP12,3,0.0
ARHGAP29,3,0.0
ARHGEF10,3,0.0
ARHGEF10L,3,0.0
ARHGEF12,3,0.0
ARHGEF18,3,0.0
ARHGEF3,3,0.0
ARL1,3,0.0
ARL2BP,3,0.0
ARL4A,3,0.0
ARL4C,3,0.0
ARL6,3,0.0
ARL6IP1,3,0.0
ARMC1,3,0.0
ARMC10,3,0.0
ARMC4,3,0.0
ARMCX2,3,0.0
ARRDC2,3,0.0
ARRDC3,3,0.0
ARSB,3,0.31714725494384766
ART3,3,0.0
ARX,3,0.0
ASAM,3,0.0
ASB3,3,0.0
ASCL1,3,0.0
ASF1B,3,0.8143835067749023
ASNS,3,0.0
ASPHD1,3,0.0
ATF6B,3,0.0
ATG4A,3,0.0
ATM,3,0.0
ATN1,3,0.06682789325714111
ATOH8,3,2.460198402404785
ATP13A1,3,0.0
ATP1A4,3,0.0
ATP2B2,3,0.44404447078704834
ATP2B4,3,1.2939759492874146
ATP5C1,3,0.0
ATP5F1,3,0.0
ATP5G1,3,0.0
ATP6V0E2,3,0.0
ATP6V1G2,3,0.0
ATP7B,3,0.0
ATXN1,3,0.0
AURKC,3,0.0
AVEN,3,0.0
B3GALNT1,3,0.0
B3GALT4,3,0.0
B3GNT2,3,0.0
BAD,3,0.0
BAI2,3,0.0
BANF1,3,0.0
BANP,3,0.0
BAT1,3,0.0
BAT2,3,0.0
BAT3,3,0.0
BAT4,3,0.0
BBC3,3,0.8116887211799622
BBX,3,0.0
BCAP31,3,0.0
BCAR1,3,0.0
BCAT1,3,0.0
BCCIP,3,0.0
BCL2,3,0.0
BCL2L10,3,0.9047403335571289
BCL2L11,3,0.0
BCL6,3,0.0
BCL7C,3,0.0
BCOR,3,0.0
BCORL1,3,0.0
BCS1L,3,0.0
BCYRN1,3,0.0
BDKRB2,3,1.2836531400680542
BDNF,3,0.0
BEGAIN,3,0.0
BEND5,3,0.6736143827438354
BEND6,3,0.0
BHLHA9,3,0.0
BHLHE22,3,0.0
BIK,3,0.0
BLCAP,3,0.0
BLM,3,0.0
BLOC1S1,3,0.0
BLOC1S2,3,0.0
BMP8B,3,0.0
BMS1P4,3,0.18547241389751434
BNC1,3,0.0
BNIPL,3,1.1888766288757324
BOLL,3,0.0
BPGM,3,0.0
BPNT1,3,0.0
BRAF,3,5.416539192199707
BRAP,3,0.0
BRCA1,3,0.0
BRCC3,3,0.0
BRD2,3,0.0
BRD3,3,0.0
BRUNOL4,3,0.0
BSCL2,3,0.0
BTBD11,3,0.0
BTBD17,3,0.0
BTBD3,3,0.0
BTG4,3,0.0
BYSL,3,0.0
BZW1,3,0.0
C10orf110,3,0.0
C10orf111,3,0.0
C10orf118,3,0.0
C10orf2,3,0.0
C10orf25,3,0.0
C10orf26,3,0.0
C10orf4,3,4.025634765625
C10orf41,3,5.864410877227783
C10orf58,3,0.0
C10orf96,3,0.0
C11orf1,3,0.0
C11orf10,3,0.0
C11orf20,3,0.0
C11orf21,3,0.0
C11orf36,3,0.0
C11orf45,3,1.9067754745483398
C11orf54,3,0.0
C11orf57,3,0.0
C11orf92,3,0.0
C11orf93,3,0.0
C12orf34,3,0.0
C12orf4,3,0.44946977496147156
C12orf49,3,0.3101084232330322
C12orf75,3,0.0
C13orf18,3,0.0
C13orf23,3,0.0
C13orf36,3,0.0
C14orf159,3,0.0
C14orf167,3,0.0
C14orf21,3,0.0
C14orf43,3,0.0
C14orf86,3,0.0
C15orf56,3,0.0
C16orf74,3,0.0
C17orf48,3,0.0
C17orf80,3,0.029993772506713867
C17orf81,3,0.0
C18orf1,3,0.0
C18orf25,3,0.0
C19orf23,3,0.0
C19orf40,3,0.0
C19orf54,3,0.0
C19orf56,3,0.0
C19orf61,3,0.0
C1GALT1,3,0.7238078117370605
C1GALT1C1,3,0.0
C1QL1,3,0.0
C1orf103,3,0.9358586668968201
C1orf114,3,0.0
C1orf127,3,0.0
C1orf159,3,0.0
C1orf182,3,0.0
C1orf183,3,0.0
C1orf187,3,0.26531267166137695
C1orf21,3,0.8803721070289612
C1orf210,3,0.0
C1orf56,3,7.766376495361328
C1orf58,3,0.0
C1orf59,3,0.0
C1orf84,3,0.0
C1orf86,3,0.0
C1orf95,3,0.15936279296875
C20orf112,3,0.0
C20orf117,3,0.0
C20orf132,3,0.0
C20orf134,3,0.0
C20orf151,3,0.0
C20orf177,3,0.0
C20orf196,3,0.0
C20orf201,3,0.0
C20orf30,3,0.0
C20orf7,3,0.0
C21orf29,3,0.0
C21orf49,3,0.0
C21orf59,3,0.0
C21orf66,3,0.0
C22orf36,3,0.0
C22orf9,3,0.6624698638916016
C2CD4B,3,0.0
C2orf27A,3,0.0
C2orf34,3,0.0
C2orf56,3,0.0
C2orf63,3,0.0
C2orf76,3,0.0
C2orf77,3,0.0
C2orf88,3,0.0
C3orf26,3,0.0
C3orf39,3,0.0
C3orf52,3,0.21839070320129395
C3orf57,3,0.0
C3orf58,3,0.0
C3orf75,3,0.0
C4orf14,3,0.0
C4orf27,3,0.0
C5orf13,3,0.0
C5orf24,3,0.0
C5orf28,3,0.0
C5orf36,3,0.0
C5orf37,3,0.0
C5orf44,3,0.0
C6orf115,3,0.0
C6orf134,3,0.0
C6orf136,3,0.6832121014595032
C6orf15,3,0.0
C6orf176,3,10.449620246887207
C6orf182,3,0.0
C6orf211,3,0.0
C6orf217,3,0.0
C6orf48,3,0.0
C6orf52,3,0.0
C7orf30,3,0.0
C7orf42,3,0.0
C7orf44,3,3.043450355529785
C7orf50,3,0.0
C7orf58,3,0.0
C8orf39,3,0.0
C8orf41,3,0.0
C8orf77,3,8.659314155578613
C9orf103,3,0.0
C9orf139,3,0.0
C9orf3,3,6.923810005187988
CA11,3,0.0
CA5BP,3,0.0
CA7,3,0.0
CABLES1,3,2.644702434539795
CACNA1G,3,0.0
CACNA2D3,3,0.0
CACNB2,3,0.0
CAGE1,3,0.0
CALCA,3,0.0
CALHM2,3,0.0
CALM1,3,0.2550128400325775
CALN1,3,0.0
CAMK2D,3,0.0
CAMKK2,3,0.0
CAMTA1,3,0.0
CAND2,3,0.0
CARD11,3,0.0
CARD14,3,23.550132751464844
CARHSP1,3,0.0
CARS,3,0.0
CASC3,3,0.599022626876831
CASR,3,0.0
CAST,3,0.0
CASZ1,3,3.0362162590026855
CATSPERG,3,0.0
CAV1,3,0.0
CBFA2T3,3,2.1550283432006836
CBLC,3,0.0
CBLN2,3,0.0
CBLN3,3,0.0
CBX5,3,0.0
CC2D1B,3,0.0
CCDC104,3,0.0
CCDC106,3,0.0
CCDC112,3,0.1990756243467331
CCDC123,3,0.0
CCDC136,3,0.0
CCDC140,3,0.0
CCDC142,3,0.0
CCDC149,3,0.0
CCDC23,3,0.0
CCDC7,3,0.0
CCDC90B,3,0.0
CCDC96,3,0.0
CCHCR1,3,0.0
CCM2,3,0.0
CCNA1,3,0.0
CCNA2,3,0.0
CCND2,3,0.0
CCND3,3,0.0
CCNY,3,0.0
CCNYL1,3,0.0
CCT3,3,0.0
CCT6B,3,0.0
CD164L2,3,0.0
CD248,3,0.0
CD44,3,0.0
CD81,3,2.262606620788574
CD82,3,0.0
CD8A,3,0.0
CDC10L,3,0.0
CDC123,3,0.0
CDC2,3,0.0
CDC42EP4,3,0.0
CDC45L,3,0.0
CDCA3,3,0.0
CDGAP,3,0.0
CDH18,3,0.0
CDH23,3,0.0
CDH6,3,0.0
CDIPT,3,0.0
CDK1,3,0.0
CDK11B,3,1.5440142154693604
CDK4,3,0.0
CDK5,3,0.0
CDK5RAP3,3,0.0
CDK6,3,1.6228199005126953
CDK7,3,0.0
CDKN1C,3,0.0
CDKN2C,3,0.0
CDS2,3,0.0
CEBPZ,3,0.0
CELSR3,3,0.0
CENPT,3,0.0
CENPV,3,0.0
CEP350,3,0.0
CEP68,3,0.0
CEP76,3,0.0
CETN2,3,0.0
CFL1,3,0.0
CFLAR,3,0.0
CHAD,3,0.0
CHFR,3,0.0
CHKB-CPT1B,3,0.0
CHMP2A,3,0.0
CHPF2,3,0.0
CHRM2,3,0.0
CHRM5,3,0.0
CHRNA2,3,3.316049814224243
CHRNA6,3,0.0
CHST1,3,0.0
CHST8,3,0.0
CIRBP,3,0.0
CISH,3,0.0
CITED2,3,0.0
CKAP5,3,0.0
CKLF,3,0.0
CLASP1,3,0.0
CLCN5,3,0.0
CLCN6,3,0.0
CLDN14,3,0.3753036856651306
CLDN3,3,0.0
CLDN6,3,0.0
CLDN9,3,0.0
CLEC4C,3,0.0
CLIP1,3,1.63211989402771
CLSTN3,3,0.0
CLVS1,3,0.0
CMAH,3,0.0
CMBL,3,0.0
CMC1,3,0.0
CNIH4,3,0.1298932433128357
CNOT2,3,0.0
CNPY1,3,0.0
CNTN4,3,0.0
CNTNAP2,3,0.0
CNTROB,3,0.0
COASY,3,0.44654273986816406
COG5,3,0.0
COL11A2,3,0.0
COL12A1,3,0.0
COL23A1,3,0.0
COL4A3BP,3,0.0
COL9A3,3,0.0
COLEC11,3,0.0
COMTD1,3,6.8223371505737305
COPB1,3,0.0
COPG,3,0.0
COX18,3,0.0
CPE,3,0.4774913191795349
CPEB1,3,0.0
CPLX2,3,0.0
CPNE4,3,0.2628054916858673
CPSF4,3,0.0
CPT1B,3,0.0
CR1,3,0.0
CR1L,3,0.0
CREB5,3,0.0
CRISP2,3,0.0
CRLS1,3,0.0
CRY2,3,0.0
CRYGB,3,0.0
CSGALNACT1,3,0.0
CSMD3,3,0.0
CSNK2B,3,0.0
CSPP1,3,0.0
CTBP1,3,0.0
CTBP2,3,0.0
CTPS2,3,0.0
CTRC,3,0.0
CTSB,3,0.0
CTSZ,3,0.0
CUGBP2,3,0.0
CUL1,3,0.0
CUL4A,3,0.0
CUTA,3,1.9211397171020508
CWF19L2,3,7.041483402252197
CXCL2,3,0.0
CXCR4,3,0.0
CXCR5,3,0.0
CXXC4,3,0.0
CXXC5,3,0.0
CXorf36,3,0.0
CXorf38,3,0.0
CXorf40B,3,11.330999374389648
CYB5D2,3,0.0
CYFIP1,3,0.0
CYGB,3,0.0
CYP1A1,3,0.0
CYP1B1,3,0.0
CYP26C1,3,0.0
CYorf15A,3,0.0
DAB1,3,0.2571711540222168
DACH1,3,0.0
DAGLA,3,0.0
DALRD3,3,0.0
DAXX,3,0.0
DBI,3,0.0
DBN1,3,0.0
DBR1,3,0.0
DBX1,3,0.0
DCAF4,3,0.0
DCTN5,3,0.0
DDAH2,3,0.0
DDHD2,3,0.0
DDOST,3,0.0
DDR1,3,0.0
DDX17,3,0.0
DDX24,3,0.0
DDX6,3,0.0
DENND4B,3,0.0
DERA,3,0.0
DES,3,0.0
DGKZ,3,0.0
DHDDS,3,0.0
DHDH,3,0.0
DHRS1,3,0.0
DHRS4,3,0.0
DHX16,3,0.0
DHX29,3,0.0
DHX30,3,0.0
DIAPH2,3,0.0
DIDO1,3,0.0
DIS3,3,0.0
DIS3L2,3,0.0
DKC1,3,10.015926361083984
DKFZp566F0947,3,0.0
DLG2,3,0.0
DLG4,3,0.0
DLGAP2,3,0.0
DLGAP4,3,0.0
DLK1,3,4.051860332489014
DLL1,3,0.0
DLL4,3,0.0
DLX1,3,0.0
DLX2,3,0.0
DLX4,3,0.0
DMD,3,0.0
DMRTB1,3,0.0
DNAH2,3,0.0
DNAH7,3,0.2754130959510803
DNAJC17,3,0.0
DNAJC5,3,0.0
DNAL1,3,0.0
DNASE1L2,3,0.0
DNM1,3,0.0
DNM1L,3,0.0
DNM2,3,0.0
DOCK4,3,0.0
DOM3Z,3,0.0
DPAGT1,3,1.7063356637954712
DPH1,3,0.0
DPH2,3,0.0
DPH5,3,0.0
DPY19L2,3,0.0
DRD2,3,0.0
DRD5,3,9.67946720123291
DSCAM,3,1.9487016201019287
DSCC1,3,0.0
DSE,3,0.0
DST,3,0.0
DTNA,3,0.0
DTNBP1,3,0.0
DTX3L,3,0.0
DULLARD,3,0.0
DUS3L,3,0.0
DUS4L,3,0.0
DUSP1,3,0.0
DUSP10,3,0.0
DUSP4,3,0.0
DYNLL1,3,0.0
DZIP1,3,0.0
DZIP1L,3,2.5579066276550293
DZIP3,3,0.0
EARS2,3,0.0
EBAG9,3,0.0
EBNA1BP2,3,0.0
ECE2,3,1.3636689186096191
EDA,3,0.0
EDN1,3,0.0
EDNRA,3,0.0
EDNRB,3,0.0
EED,3,0.0
EEF2,3,6.285805702209473
EFCAB5,3,0.0
EFEMP1,3,0.8615819811820984
EFNA4,3,0.0
EGLN3,3,0.0
EHHADH,3,0.0
EHMT1,3,0.0
EHMT2,3,0.0
EI24,3,0.0
EID1,3,0.0
EIF1AD,3,0.0
EIF4A2,3,0.0
EIF4E3,3,0.0
EIF4G2,3,0.38064610958099365
EIF4G3,3,0.0
EIF5A2,3,0.0
EIF5B,3,0.0
ELFN1,3,0.0
ELL,3,0.0
ELMO1,3,0.0
ELMO2,3,0.0
ELOVL5,3,0.0
ELOVL7,3,0.0
EMILIN1,3,0.0
EML4,3,0.0
EMP1,3,0.0
EMX2,3,0.0
EMX2OS,3,0.0
ENO1,3,0.0
ENTPD1,3,0.9496228694915771
EPB41,3,0.0
EPB41L3,3,0.0
EPB49,3,0.0
EPHA10,3,0.0
EPHB6,3,4.230344772338867
EPM2AIP1,3,0.0
EPN1,3,0.0
EPPK1,3,0.0
ERBB2,3,0.0
ERH,3,0.0
ERICH1,3,0.0
ERLEC1,3,0.6123219728469849
ERLIN2,3,0.0
ERMAP,3,0.0
ERRFI1,3,0.0
ESF1,3,0.0
ESR1,3,0.0
ESRRG,3,0.0
ESX1,3,0.0
ESYT3,3,0.0
ETAA1,3,0.0
ETV1,3,0.0
EVX1,3,0.0
EVX2,3,2.6629812717437744
EXOC2,3,1.8137437105178833
EXOC3L,3,0.0
EXTL2,3,0.0
EXTL3,3,0.0
EYA2,3,0.0
FAH,3,0.0
FAIM,3,0.0
FAM104A,3,0.0
FAM109A,3,0.0
FAM110B,3,0.0
FAM115A,3,0.0
FAM118B,3,0.0
FAM120C,3,0.0
FAM122A,3,0.0
FAM122C,3,0.0
FAM128B,3,0.0
FAM13B,3,0.0
FAM172A,3,0.0
FAM176A,3,0.0
FAM181A,3,0.0
FAM190A,3,0.0
FAM192A,3,0.0
FAM20B,3,5.093269348144531
FAM24B,3,0.0
FAM35A,3,0.0
FAM3C,3,0.0
FAM49A,3,0.1298540234565735
FAM54B,3,0.0
FAM55C,3,0.0
FAM5B,3,0.0
FAM63B,3,0.0
FAM65A,3,0.0
FAM65B,3,0.0
FAM82B,3,0.0
FAM83D,3,0.0
FAM84A,3,0.0
FAM96A,3,0.0
FANCM,3,0.0
FARP1,3,0.0
FARSB,3,0.0
FAS,3,4.541449546813965
FASTKD5,3,0.0
FAT1,3,0.0
FAT4,3,0.0
FAU,3,0.0
FBLIM1,3,0.0
FBRSL1,3,0.0
FBXL13,3,0.0
FBXL19,3,0.0
FBXL8,3,0.0
FBXO31,3,0.0
FBXO38,3,0.0
FBXO42,3,0.0
FBXO43,3,0.0
FBXO5,3,1.015390396118164
FBXO7,3,0.0
FDXACB1,3,0.0
FEM1A,3,0.0
FEN1,3,0.0
FGF12,3,0.0
FGF13,3,0.0
FGFRL1,3,0.0
FHIT,3,0.0
FHL1,3,0.16603803634643555
FIG4,3,0.0
FIGNL2,3,0.08628511428833008
FILIP1,3,0.0
FILIP1L,3,0.0
FKBP2,3,0.0
FKBP3,3,0.0
FKBP6,3,0.0
FKBPL,3,0.0
FLI1,3,0.0
FLJ10038,3,0.0
FLJ30058,3,0.0
FLJ33630,3,0.0
FLJ35220,3,0.0
FLJ44606,3,0.0
FLJ45983,3,0.0
FLRT2,3,0.0
FN3KRP,3,0.0
FNDC3B,3,24.497159957885742
FNDC4,3,0.0
FOXB1,3,1.262538194656372
FOXO3,3,0.0
FOXP1,3,0.0
FRAT1,3,0.0
FREM2,3,0.0
FRMD6,3,0.0
FRS2,3,0.0
FRY,3,0.0
FRYL,3,0.0
FSTL5,3,0.0
FTO,3,0.0
FTSJ3,3,0.0
FUNDC2,3,0.0
FXC1,3,0.0
FXR2,3,0.0
FYB,3,0.0
FYN,3,0.0
G6PC3,3,0.0
G6PD,3,0.0
GAB3,3,0.0
GABBR1,3,0.0
GABPB1,3,0.0
GABRA3,3,0.0
GABRA5,3,0.0
GALK2,3,0.0
GALNT9,3,0.0
GALR1,3,0.0
GARS,3,0.0
GAS5,3,0.0
GATA2,3,0.0
GATA3,3,0.0
GATA4,3,0.0
GBF1,3,0.0
GCKR,3,0.0
GCNT2,3,0.0
GCOM1,3,0.0
GDF2,3,0.0
GDF7,3,2.311603307723999
GFI1,3,0.0
GFM1,3,0.0
GFM2,3,0.0
GFOD1,3,4.352312088012695
GFPT1,3,0.0
GGT1,3,1.2086762189865112
GHSR,3,0.0
GJD2,3,0.0
GLI1,3,0.0
GLOD4,3,0.0
GLT25D1,3,0.0
GLUD1,3,0.0
GMEB1,3,4.537554740905762
GMPR2,3,0.0
GNAS,3,0.0
GNASAS,3,10.858072280883789
GNB1,3,0.0
GNG2,3,0.0
GNG4,3,0.0
GNG5,3,0.0
GNG7,3,0.0
GNL1,3,0.0
GNL3L,3,0.0
GNMT,3,0.0
GNPDA1,3,0.0
GNRHR2,3,0.0
GOLGA3,3,0.0
GOLSYN,3,0.0
GPATCH1,3,0.0
GPBP1,3,0.0
GPBP1L1,3,0.0
GPKOW,3,0.0
GPM6A,3,0.0
GPR12,3,0.0
GPR132,3,0.0
GPR135,3,0.06648445129394531
GPR137,3,0.0
GPR137C,3,0.0
GPR158,3,0.0
GPR20,3,0.0
GPR55,3,0.0
GPR6,3,0.0
GPR63,3,0.0
GPSM3,3,0.0
GRAMD3,3,1.5799832344055176
GRAMD4,3,0.0
GRB10,3,1.642619013786316
GREB1,3,20.10150146484375
GRIN2B,3,0.0
GRM3,3,0.0
GRN,3,0.0
GSDMA,3,0.0
GSDMB,3,0.0
GSDMD,3,0.0
GSK3B,3,0.0
GSTCD,3,0.0
GSTM5,3,0.10059988498687744
GSTO2,3,0.0
GSTZ1,3,0.0
GTDC1,3,0.0
GTF2H4,3,0.0
GTPBP5,3,0.0
GUCY1A2,3,0.06813359260559082
GUCY2E,3,0.0
GULP1,3,0.0
H19,3,0.0
H1FNT,3,0.0
H2AFJ,3,2.0440731048583984
H2AFY,3,0.0
HAP1,3,0.0
HARBI1,3,0.0
HARS,3,0.0
HARS2,3,0.0
HAS3,3,0.0
HAUS5,3,0.0
HAUS8,3,4.0057878494262695
HCCA2,3,0.0
HCG27,3,0.0
HDAC4,3,0.0
HDDC3,3,0.0
HDGFRP3,3,0.0
HDLBP,3,0.19774119555950165
HEATR1,3,0.0
HEATR4,3,0.0
HECW1,3,0.0
HERC3,3,0.0
HERC6,3,0.0
HGC6.3,3,0.0
HIGD1A,3,0.0
HIGD2A,3,3.4636640548706055
HIPK1,3,0.0
HIST1H1C,3,0.20893502235412598
HIST1H1E,3,0.0
HIST1H2AB,3,0.0
HIST1H2AG,3,0.0
HIST1H2AK,3,0.0
HIST1H2BJ,3,0.0
HIST1H2BN,3,0.0
HIST1H4J,3,0.0
HIST2H2BE,3,0.0
HIST3H2A,3,0.0
HIST3H2BB,3,0.0
HIVEP3,3,0.0
HLA-E,3,0.0
HLA-G,3,0.0
HLTF,3,0.0
HMCN1,3,0.0
HMGXB4,3,0.0
HMOX2,3,0.0
HNRNPA1,3,0.0
HNRNPC,3,0.0
HNRNPF,3,0.0
HNRNPH3,3,2.4466371536254883
HNRPA1L-2,3,0.0
HOPX,3,0.0
HOXA1,3,0.0
HOXA3,3,0.0
HOXA4,3,0.0
HOXA5,3,0.0
HOXB4,3,0.8899126052856445
HOXB5,3,2.078645706176758
HOXC12,3,0.0
HOXC4,3,0.0
HOXC5,3,0.0
HOXC6,3,31.83135223388672
HPCAL1,3,0.0
HRASLS,3,0.0
HRH1,3,0.0
HRH2,3,0.0
HRNBP3,3,0.0
HRNR,3,0.0
HS3ST3A1,3,0.0
HSD11B2,3,0.0
HSDL1,3,0.5813888311386108
HSPA13,3,0.0
HSPA1A,3,0.0
HSPA1B,3,0.0
HSPA1L,3,0.0
HSPA2,3,1.4759622812271118
HTR1E,3,0.0
HTR2A,3,0.0
HTR2C,3,0.0
HUWE1,3,0.41464537382125854
HYOU1,3,0.0
ICAM3,3,0.0
ID2,3,0.0
IDI2,3,0.0
IER3IP1,3,0.0
IFI27L1,3,0.0
IFITM1,3,0.060816407203674316
IFITM5,3,0.0
IFT88,3,0.0
IGF2,3,0.0
IGF2AS,3,0.0
IGF2R,3,0.0
IGFBP3,3,0.0
IGSF11,3,0.0
IKBIP,3,0.0
IKBKG,3,0.0
IKZF5,3,0.0
IL17RA,3,0.0
IL1RAPL2,3,0.0
IL1RN,3,0.0
INCA1,3,0.0
INF2,3,0.0
ING1,3,0.0
INPP5D,3,0.0
INS-IGF2,3,0.0
INSC,3,0.0
INTS12,3,0.0
INTS6,3,0.2169693410396576
IP6K2,3,0.0
IPO7,3,0.0
IQCC,3,0.0
IQSEC1,3,0.0
IQSEC3,3,0.0
IRF1,3,0.0
IRF2,3,0.0
IRF5,3,0.0
IRX5,3,0.0
ISCA2,3,0.0
ISM1,3,0.0
ITFG3,3,0.0
ITGA8,3,0.0
ITPR2,3,0.0
ITPRIPL1,3,0.0
IZUMO1,3,0.0
JAKMIP1,3,0.0
JMJD1C,3,0.0
JMJD4,3,0.0
JUB,3,0.0
KANK2,3,0.0
KATNAL1,3,0.0
KAZALD1,3,0.0
KCNA3,3,0.0
KCNA5,3,0.0
KCNA7,3,0.0
KCNAB1,3,0.0
KCNB2,3,0.0
KCNG1,3,0.0
KCNH3,3,0.0
KCNIP4,3,0.0
KCNJ16,3,0.0
KCNJ5,3,13.202886581420898
KCNK10,3,0.0
KCNMB3,3,1.3804222345352173
KCNQ1,3,0.0
KCNQ1DN,3,0.0
KCNQ1OT1,3,0.0
KCNS3,3,0.0
KCNV2,3,0.0
KCTD1,3,0.8968315124511719
KCTD8,3,0.0
KDM1A,3,0.0
KDM1B,3,0.0
KDM2B,3,0.0
KDM4C,3,0.0
KDM6B,3,3.2582626342773438
KHK,3,0.0
KHNYN,3,0.0
KIAA0090,3,0.0
KIAA0100,3,0.0
KIAA0182,3,0.0
KIAA0226,3,0.0
KIAA0513,3,20.249353408813477
KIAA0586,3,0.38731157779693604
KIAA0652,3,0.0
KIAA0753,3,0.0
KIAA0892,3,1.1373207569122314
KIAA0895,3,0.0
KIAA1026,3,0.0
KIAA1199,3,0.0
KIAA1217,3,0.0
KIAA1244,3,0.0
KIAA1524,3,0.0
KIAA1530,3,0.0
KIAA1609,3,0.0
KIAA1704,3,0.0
KIAA1949,3,0.0
KIAA2013,3,1.275230884552002
KIF12,3,0.0
KIF18A,3,0.0
KIF1B,3,0.0
KIFC1,3,0.0
KILLIN,3,0.0
KIN,3,0.0
KLC2,3,2.700596570968628
KLF12,3,1.0523054599761963
KLF14,3,0.11649632453918457
KLF6,3,0.0
KLHL13,3,0.0
KLHL14,3,0.0
KLHL23,3,0.0
KLHL25,3,0.0
KLHL29,3,0.0
KLHL30,3,0.0
KLHL5,3,0.0
KLHL7,3,0.0
KLK10,3,0.0
KLRAQ1,3,0.0
KRTAP22-1,3,0.0
KSR1,3,0.0
L3MBTL,3,0.0
L3MBTL4,3,0.0
LAIR2,3,0.0
LATS1,3,0.0
LCLAT1,3,0.0
LCMT2,3,0.0
LCP2,3,0.0
LDHAL6B,3,0.0
LDOC1,3,0.0
LEMD3,3,0.0
LEP,3,0.0
LFNG,3,0.0
LHFPL2,3,0.0
LHX9,3,0.0
LIFR,3,0.0
LIG4,3,0.0
LIMA1,3,0.0
LIME1,3,0.0
LIMS2,3,0.0
LINGO3,3,0.0
LMBRD2,3,0.0
LMO3,3,0.0
LNP1,3,0.0
LOC100128003,3,0.0
LOC100128164,3,0.0
LOC100128288,3,0.0
LOC100128811,3,0.0
LOC100128977,3,0.0
LOC100129387,3,0.0
LOC100129716,3,0.0
LOC100129726,3,5.021910190582275
LOC100130776,3,0.0
LOC100130872,3,0.0
LOC100130872-SPON2,3,0.0
LOC100130933,3,0.0
LOC100130987,3,0.0
LOC100131691,3,0.0
LOC100133315,3,0.0
LOC100134713,3,0.0
LOC100192378,3,0.0
LOC100192379,3,0.0
LOC100272228,3,10.98391342163086
LOC100294362,3,0.0
LOC100302401,3,0.0
LOC100302652,3,13.334372520446777
LOC100303728,3,0.0
LOC200726,3,0.0
LOC220930,3,0.0
LOC388588,3,0.0
LOC399959,3,0.0
LOC401052,3,0.0
LOC401097,3,0.0
LOC401431,3,0.0
LOC404266,3,0.0
LOC440356,3,0.0
LOC440839,3,0.0
LOC440925,3,0.0
LOC441177,3,0.0
LOC641518,3,0.0
LOC642502,3,1.369910478591919
LOC645166,3,0.0
LOC648691,3,12.576370239257812
LOC654433,3,0.0
LOC728264,3,0.0
LOC728661,3,0.0
LOC729991,3,0.0
LOC729991-MEF2B,3,0.0
LOC84989,3,0.0
LONRF3,3,0.0
LPP,3,0.0
LPPR1,3,0.0
LRBA,3,0.0
LRFN2,3,0.0
LRFN4,3,0.0
LRRC2,3,0.0
LRRC29,3,0.0
LRRC33,3,0.0
LRRC40,3,0.0
LRRC43,3,0.0
LRRC49,3,0.0
LRRC4B,3,0.0
LRRC56,3,0.0
LRRC8D,3,0.0
LSG1,3,0.0
LSM5,3,0.0
LSP1,3,0.0
LSS,3,0.0
LTA,3,0.0
LTBP4,3,0.0
LUC7L2,3,0.0
LXN,3,0.05768871307373047
LY6D,3,0.0
LY6G5C,3,0.0
LYSMD2,3,0.13243639469146729
LZIC,3,0.0
MAB21L2,3,0.0
MACF1,3,0.0
MACROD1,3,0.0
MACROD2,3,0.0
MAD2L2,3,0.0
MADD,3,0.0
MAFG,3,0.0
MAFK,3,0.0
MAGED2,3,0.0
MAGI2,3,0.0
MAN2B1,3,0.0
MANBA,3,0.0
MAP1LC3B,3,0.0
MAP2K3,3,0.0
MAP3K1,3,0.0
MAP3K13,3,0.0
MAP3K8,3,0.0
MAP6,3,0.0
MAP7,3,0.20314329862594604
MAPK10,3,0.0
MAPK4,3,0.0
MAPK7,3,0.0
MAPRE2,3,0.0
MAPT,3,0.0
MARCH1,3,0.0
MARCH3,3,0.23787012696266174
MARCH8,3,0.0
MARK2,3,0.0
MAS1L,3,0.0
MASTL,3,0.0
MBNL1,3,0.0
MBNL2,3,0.0
MBOAT7,3,0.23252272605895996
MBP,3,0.0
MBTD1,3,0.0
MBTPS2,3,0.0
MCAM,3,12.813507080078125
MCC,3,0.0
MCF2L2,3,0.0
MCM10,3,0.0
MCM7,3,0.0
MCM8,3,0.0
MCPH1,3,1.017134428024292
MDC1,3,0.0
MDGA1,3,0.0
MDN1,3,0.008889436721801758
ME2,3,0.0
MECOM,3,0.0
MED10,3,0.0
MED20,3,0.0
MED24,3,0.0
MED29,3,0.0
MED8,3,0.0
MEF2D,3,0.0
MEG8,3,0.0
MEGF8,3,0.0
MEST,3,0.0
MESTIT1,3,0.0
METT5D1,3,0.0
METTL13,3,0.0
METTL9,3,0.0
MEX3D,3,7.875552177429199
MFSD11,3,0.8348751068115234
MGAT1,3,0.0
MGC16121,3,0.0
MGC16275,3,0.0
MICAL3,3,0.0
MID1,3,0.0
MIPEP,3,0.0
MIR1207,3,0.0
MIR1224,3,0.0
MIR1256,3,0.4016784429550171
MIR127,3,0.0
MIR1286,3,6.942127704620361
MIR1470,3,0.0
MIR191,3,0.0
MIR199A1,3,0.0
MIR2110,3,0.0
MIR33B,3,0.0
MIR34C,3,0.0
MIR372,3,0.0
MIR376A1,3,0.0
MIR376B,3,0.0
MIR425,3,0.0
MIR503,3,0.0
MIR548G,3,0.0
MIR654,3,0.0
MITF,3,0.0
MKNK1,3,0.0
MKX,3,1.2264411449432373
MLH1,3,0.0
MLLT6,3,0.0
MMP15,3,0.0
MOGS,3,0.0
MON2,3,4.4293904304504395
MORG1,3,0.0
MOSPD1,3,0.04321587085723877
MOXD1,3,0.0
MPHOSPH8,3,0.0
MPP5,3,0.0
MPPED1,3,0.0
MPV17L2,3,0.0
MRAS,3,0.0
MRGPRF,3,0.5572857856750488
MRGPRG,3,0.0
MRGPRX1,3,0.0
MRPL2,3,0.0
MRPL33,3,0.0
MRPL43,3,0.0
MRPL49,3,0.0
MRPL50,3,0.0
MRPS18B,3,0.0
MRPS9,3,0.0
MRTO4,3,0.0
MSH5,3,7.40426778793335
MSH6,3,0.0
MSI2,3,0.0
MST1,3,0.0
MSX1,3,0.0
MT1A,3,0.0
MTCP1,3,0.0
MTCP1NB,3,0.0
MTERF,3,0.0
MTERFD3,3,0.0
MTHFD1,3,0.0
MTHFR,3,0.0
MTIF3,3,0.0
MTO1,3,0.0
MTOR,3,0.0
MTUS1,3,0.0
MUL1,3,0.0
MUM1,3,0.0
MUTYH,3,0.0
MX1,3,0.0
MXD1,3,9.196327209472656
MYADM,3,0.0
MYADML2,3,3.0585689544677734
MYC,3,0.0
MYD88,3,0.0
MYEOV2,3,0.0
MYH6,3,0.0
MYH7,3,0.0
MYL6B,3,0.0
MYL7,3,0.0
MYLK2,3,13.497177124023438
MYO19,3,0.0
MYO1E,3,0.0
MYO9A,3,0.0
MYO9B,3,23.426464080810547
MYOCD,3,0.0
MYOD1,3,0.0
MYOM2,3,0.0
MYT1,3,0.0
MYT1L,3,0.0
NACA,3,0.0
NANOS2,3,0.0
NAP1L4,3,0.0
NAT15,3,0.0
NBAS,3,0.3160526156425476
NBR2,3,0.0
NCALD,3,0.0
NCAPD2,3,0.0
NCK1,3,0.0
NCOA2,3,5.819698810577393
NCOA4,3,0.0
NCOR2,3,1.7217786312103271
NCRNA00171,3,0.7386140823364258
NDRG2,3,0.0
NDRG4,3,0.0
NDUFA3,3,0.0
NDUFA4L2,3,0.0
NDUFAB1,3,2.8094687461853027
NDUFAF3,3,0.0
NDUFB11,3,0.0
NDUFB2,3,0.0
NDUFS4,3,0.0
NECAB3,3,4.396056652069092
NEDD4L,3,0.0
NEDD8,3,0.0
NEDD9,3,0.0
NEFM,3,0.0
NEK7,3,0.0
NEU1,3,0.0
NEU4,3,0.0
NEURL,3,0.0
NEUROG1,3,0.0
NFASC,3,0.0
NFATC1,3,0.0
NFIA,3,1.6289005279541016
NFIB,3,0.10083746910095215
NFIC,3,0.43659597635269165
NFKB2,3,0.0
NFKBIL1,3,0.0
NFKBIZ,3,0.0
NFU1,3,0.0
NFYA,3,0.0
NHLRC3,3,0.0
NHP2,3,0.0
NHS,3,0.6651850342750549
NIPA1,3,0.0
NKAIN3,3,0.0
NKIRAS2,3,0.0
NKRF,3,0.0
NKX6-2,3,0.0
NLE1,3,0.0
NLRC4,3,0.0
NLRC5,3,1.0262200832366943
NMB,3,0.0
NMBR,3,2.3573856353759766
NMNAT1,3,0.0
NMNAT2,3,0.0
NNAT,3,0.0
NOL7,3,0.0
NOP16,3,0.0
NOP56,3,0.0
NOP58,3,0.0
NOTCH4,3,0.0
NOX3,3,0.0
NPAS2,3,0.0
NPAT,3,0.0
NPC2,3,0.0
NPM1,3,0.0
NPPC,3,0.0
NPR3,3,0.0
NPY2R,3,0.0
NR1D1,3,3.665712833404541
NR2F2,3,0.0
NR3C1,3,0.0
NR4A3,3,0.0
NRBF2,3,0.0
NRXN2,3,0.0
NSA2,3,0.0
NSD1,3,0.0
NSDHL,3,0.0
NT5C2,3,0.0
NT5C3,3,0.0
NT5DC1,3,0.0
NT5DC2,3,0.0
NTF3,3,0.0
NTM,3,0.0
NTRK1,3,0.0
NUDT10,3,0.0
NUDT5,3,0.0
NUDT6,3,18.90425682067871
NUFIP1,3,0.0
NUP43,3,0.0
NUP50,3,0.0
NUP88,3,0.0
NUP98,3,0.0
OAZ3,3,0.0
OBFC2B,3,5.592615604400635
OCA2,3,0.0
OCIAD1,3,0.0
OCRL,3,0.1654798984527588
ODZ4,3,0.0
OGDHL,3,0.0
OGFOD2,3,0.0
OGT,3,1.2421568632125854
OLIG1,3,0.2728823721408844
ONECUT2,3,0.0
OPRL1,3,0.0
OPTN,3,3.7270641326904297
OR10Q1,3,0.0
OR2L13,3,0.0
OR5M10,3,0.0
OR8S1,3,0.0
OR8U8,3,0.0
ORC1L,3,0.0
ORC6L,3,0.0
ORMDL3,3,0.0
OSBPL1A,3,0.0
OSBPL3,3,0.0
OSBPL5,3,0.0
OSBPL8,3,0.0
OSBPL9,3,0.0
OSGIN2,3,0.0
OTUB1,3,0.0
OTUD5,3,2.112389087677002
OTX1,3,0.0
OXGR1,3,0.0
P2RY2,3,0.0
P4HA1,3,0.0
P4HTM,3,0.0
PACSIN1,3,0.0
PAF1,3,0.0
PAFAH2,3,0.0
PAK1IP1,3,0.0
PAK3,3,0.0
PAK4,3,0.0
PAK6,3,0.0
PALB2,3,0.0
PANK1,3,0.0
PAOX,3,0.0
PAPOLB,3,0.0
PAQR8,3,0.0
PARD6A,3,0.0
PARP9,3,0.0
PASK,3,0.0
PAX2,3,0.0
PAX3,3,0.0
PAX8,3,0.0
PAX9,3,0.0
PBK,3,0.0
PBLD,3,0.0
PBX2,3,0.0
PC,3,2.2546944618225098
PCDH11X,3,0.0
PCDH8,3,0.0
PCDHA1,3,14.58171272277832
PCDHA10,3,1.4141063690185547
PCDHA11,3,0.0
PCDHA12,3,0.0
PCDHA13,3,0.0
PCDHA2,3,0.0
PCDHA3,3,0.0
PCDHA4,3,0.0
PCDHA5,3,0.0
PCDHA6,3,0.0
PCDHA7,3,0.0
PCDHA8,3,0.0
PCDHA9,3,0.0
PCDHAC1,3,0.0
PCDHB16,3,0.0
PCDHB2,3,0.0
PCDHGA1,3,0.0
PCDHGA10,3,0.0
PCDHGA11,3,0.0
PCDHGA12,3,0.0
PCDHGA2,3,0.0
PCDHGA3,3,0.0
PCDHGA4,3,0.0
PCDHGA5,3,0.0
PCDHGA6,3,0.0
PCDHGA7,3,0.0
PCDHGA8,3,0.0
PCDHGA9,3,0.0
PCDHGB1,3,0.0
PCDHGB2,3,0.0
PCDHGB3,3,0.0
PCDHGB4,3,0.0
PCDHGB5,3,0.0
PCDHGB6,3,0.0
PCDHGB7,3,0.0
PCDHGC3,3,0.0
PCGF3,3,0.0
PCIF1,3,0.0
PCLO,3,0.27606210112571716
PCNA,3,0.0
PCOTH,3,0.0
PCYT1A,3,0.0
PDCD11,3,0.0
PDCD7,3,0.0
PDE10A,3,2.37406849861145
PDE11A,3,0.0
PDE2A,3,0.0
PDE4B,3,0.0
PDE4D,3,0.0
PDE5A,3,0.0
PDE6B,3,0.0
PDE9A,3,0.0
PDGFC,3,0.0
PDGFD,3,0.0
PDIA5,3,0.0
PDIK1L,3,0.0
PDP1,3,0.0
PDS5B,3,0.0
PEG10,3,0.0
PEG3,3,0.0
PEMT,3,0.0
PEX11A,3,0.0
PEX11B,3,0.0
PEX5,3,0.0
PFDN6,3,0.0
PFKFB3,3,0.0
PFKM,3,0.0
PGAP2,3,0.0
PGM3,3,0.0
PHF1,3,0.0
PHLDA2,3,0.0
PHLDB1,3,0.0
PHLDB2,3,11.28821849822998
PHOSPHO2,3,0.0
PHTF2,3,0.0
PI4KA,3,0.0
PIBF1,3,0.0
PICK1,3,0.0
PIGV,3,5.199929714202881
PIGW,3,0.0
PIH1D2,3,0.0
PIK3CD,3,0.0
PILRB,3,0.0
PINX1,3,0.0
PIP5K1B,3,0.0
PITPNC1,3,0.0
PITX2,3,0.0
PIWIL2,3,0.0
PKDREJ,3,0.0
PKHD1L1,3,0.35660338401794434
PKIB,3,0.0
PKN1,3,4.040316581726074
PKNOX2,3,1.0010452270507812
PLAC8,3,0.0
PLAGL1,3,11.168341636657715
PLCB2,3,3.1616454124450684
PLEC1,3,0.0
PLEKHA5,3,0.0
PLEKHA6,3,0.0
PLEKHB2,3,0.0
PLEKHF2,3,0.0
PLEKHG5,3,0.0
PLEKHH2,3,0.0
PLEKHJ1,3,0.0
PLEKHO2,3,0.0
PLXDC2,3,0.0
PMEPA1,3,0.0
PMP22,3,0.0
PMS2L1,3,0.0
PNKD,3,0.0
PNPLA1,3,0.0
PNPLA2,3,0.0
PNPLA6,3,0.0
POLDIP2,3,0.0
POLG,3,0.0
POLH,3,0.0
POLK,3,0.0
POLR2B,3,0.0
POLR2L,3,0.0
POMGNT1,3,0.0
PON3,3,0.0
POU2F1,3,0.0
POU2F2,3,0.0
POU3F1,3,0.0
POU5F1B,3,0.0
PPAP2C,3,0.0
PPID,3,0.0
PPM1G,3,0.0
PPM1H,3,0.0
PPM1K,3,0.0
PPP1R10,3,1.1048496961593628
PPP1R3D,3,0.0
PPP1R8,3,0.0
PPP2CB,3,0.0
PPP2R2B,3,0.0
PPP2R2D,3,0.0
PPT2,3,3.254415988922119
PRAME,3,0.0
PRCD,3,0.0
PRDM2,3,0.0
PRDM8,3,1.364656686782837
PRDX6,3,0.0
PREPL,3,0.0
PRH1,3,0.0
PRIC285,3,1.7344783544540405
PRKAG2,3,0.0
PRKAR2A,3,0.0
PRKCA,3,0.0
PRKCE,3,0.0
PRKCZ,3,4.024332046508789
PRKD2,3,0.0
PRLR,3,0.0
PRMT7,3,0.0
PROM1,3,0.0
PRPF31,3,0.0
PRPF38A,3,0.0
PRR11,3,0.0
PRR15,3,0.0
PRR23A,3,0.0
PRR3,3,0.0
PRR4,3,0.0
PRR5,3,0.0
PRR5-ARHGAP8,3,0.0
PRR5L,3,0.0
PRRT1,3,0.0
PRSS35,3,0.0
PRSS8,3,0.0
PSCA,3,0.0
PSMA1,3,0.0
PSMB10,3,0.0
PSMB11,3,1.1364465951919556
PSMB3,3,0.0
PSMB9,3,0.0
PSMC5,3,0.0
PSMD1,3,0.0
PSMD10,3,0.0
PSME2,3,0.0
PSMG2,3,0.0
PSORS1C1,3,0.0
PSRC1,3,0.0
PTCD1,3,0.0
PTCH1,3,0.0
PTEN,3,0.0
PTGER4,3,0.0
PTK2B,3,0.0
PTN,3,3.982328176498413
PTPN21,3,0.0
PTPRE,3,0.0
PTPRG,3,0.0
PTPRO,3,0.0
PTPRR,3,0.0
PTPRS,3,0.0
PTRH2,3,0.0
PURG,3,0.0
PVRL4,3,0.0
PVT1,3,0.0
PXMP3,3,0.0
PXN,3,0.0
PYGO1,3,0.0
PYY,3,0.0
RAB11FIP3,3,0.0
RAB1B,3,0.0
RAB30,3,0.0
RAB3IP,3,0.0
RAB43,3,0.0
RAB4A,3,0.0
RAB5A,3,0.0
RAB7A,3,0.0
RABEP2,3,0.0
RABGEF1,3,0.28907904028892517
RACGAP1,3,0.0
RAD21,3,0.0
RAD51,3,0.0
RAD51AP1,3,0.0
RAD51C,3,0.0
RAD9B,3,0.0
RADIL,3,0.0
RAI1,3,0.0
RAI14,3,0.0
RALB,3,0.0
RANGAP1,3,0.0
RANGRF,3,1.321908950805664
RAP1A,3,0.0
RAP2B,3,0.0
RAPGEF5,3,0.0
RARG,3,0.0
RASAL2,3,0.0
RASGEF1A,3,0.0
RASGEF1B,3,0.0
RASGRF1,3,0.0
RASSF1,3,0.0
RASSF2,3,0.0
RASSF5,3,0.0
RB1,3,0.0
RBM10,3,0.0
RBM12B,3,0.0
RBM15,3,0.0
RBM44,3,0.0
RBP5,3,0.0
RBPJ,3,0.0
RCC1,3,0.0
RCC2,3,0.0
RCCD1,3,0.0
RDBP,3,0.0
RECQL5,3,0.0
RFPL2,3,0.0
RFX2,3,0.0
RFX7,3,0.0
RFX8,3,0.0
RFXANK,3,0.0
RGAG1,3,0.0
RGMA,3,0.0
RGS3,3,0.0
RHEB,3,0.0
RHOA,3,0.0
RHOBTB1,3,0.0
RIOK1,3,0.0
RLBP1,3,0.0
RMND1,3,0.0
RNASE4,3,0.0
RNF111,3,0.0
RNF114,3,0.0
RNF121,3,0.0
RNF123,3,5.6879425048828125
RNF139,3,0.0
RNF150,3,0.0
RNF215,3,0.0
RNF220,3,0.0
RNF25,3,0.8270860314369202
RNF31,3,0.0
RNF34,3,0.0
RNF39,3,0.0
RNF4,3,0.0
RNF5P1,3,0.0
RNFT2,3,0.0
RNMTL1,3,0.0
RNPC3,3,0.0
RNPEP,3,0.0
RNPS1,3,0.0
ROBO1,3,0.0
ROBO2,3,0.0
RP9P,3,0.0
RPAIN,3,0.0
RPF2,3,0.0
RPGRIP1L,3,0.0
RPL10,3,0.0
RPL13A,3,1.8364863395690918
RPL13AP5,3,0.0
RPL29P2,3,0.0
RPN2,3,0.0
RPP30,3,1.0381617546081543
RPP38,3,0.0
RPS12,3,0.0
RPS14,3,0.0
RPS15A,3,0.0
RPS18,3,0.33219242095947266
RPS19,3,0.0
RPS26,3,0.5397616028785706
RPS27A,3,0.0
RPS6KA5,3,0.0
RPSA,3,0.0
RREB1,3,0.0
RRS1,3,0.0
RSBN1,3,0.0
RSU1,3,0.0
RTBDN,3,0.0
RTL1,3,0.0
RTN2,3,0.0
RTN4,3,0.0
RTN4R,3,0.0
RUNDC1,3,0.0
RUNX2,3,0.0
RUNX3,3,0.0
RWDD1,3,0.0
RWDD2A,3,0.0
RXRB,3,0.0
SACS,3,0.0
SALL1,3,0.0
SAMD14,3,0.0
SAMD5,3,0.0
SBF2,3,10.011479377746582
SBK1,3,0.0
SC4MOL,3,0.0
SCAMP3,3,0.0
SCAMP4,3,0.0
SCAND3,3,0.0
SCCPDH,3,0.0
SCIN,3,0.0
SCMH1,3,0.0
SCML1,3,0.0
SCN3B,3,0.0
SCNN1G,3,0.0
SCO1,3,0.0
SCO2,3,0.0
SCOC,3,0.0
SCRIB,3,0.0
SCRN1,3,0.0
SCRN2,3,0.0
SDF2,3,0.0
SDF4,3,0.0
SDHC,3,6.154747009277344
SDHD,3,0.0
SDR42E1,3,0.0
SEC1,3,0.0
SEC13,3,0.0
SEC62,3,0.0
SELO,3,0.0
SELV,3,0.0
SEMA5A,3,0.0
SEMA6C,3,1.7794992923736572
SEMA6D,3,0.0
SENP1,3,0.0
SENP8,3,0.0
SEPHS1,3,0.0
SEPHS2,3,0.0
SEPT2,3,5.064669132232666
SEPT9,3,0.0
SERPINA1,3,0.0
SERPINC1,3,0.0
SERPINE2,3,0.0
SERPING1,3,0.0
SERTAD3,3,0.0
SETD4,3,0.0
SF4,3,1.9992291927337646
SFMBT1,3,0.0
SFN,3,0.0
SFRP1,3,0.0
SFRP2,3,0.0
SFRS11,3,0.0
SFRS2,3,0.0
SFRS9,3,0.0
SFTPC,3,0.0
SGCE,3,0.0
SGMS1,3,0.0
SGTA,3,0.0
SH2B1,3,0.0
SH3BP2,3,0.7171396017074585
SH3BP4,3,0.0
SHANK2,3,13.159942626953125
SHBG,3,0.031209319829940796
SHC1,3,4.564553260803223
SHC4,3,0.0
SHOC2,3,7.617288589477539
SIM1,3,0.0
SIN3A,3,0.0
SIPA1L3,3,0.10256505012512207
SKA2,3,0.0
SKIV2L,3,0.0
SKIV2L2,3,0.0
SLA2,3,0.0
SLAIN1,3,0.0
SLC10A7,3,0.0
SLC11A1,3,0.0
SLC12A2,3,0.0
SLC12A4,3,0.0
SLC12A6,3,0.0
SLC12A9,3,0.0
SLC13A4,3,11.610152244567871
SLC16A3,3,0.0
SLC20A2,3,0.0
SLC22A18,3,0.0
SLC22A18AS,3,0.0
SLC22A2,3,0.0
SLC22A23,3,0.0
SLC24A6,3,2.2882437705993652
SLC25A3,3,0.0
SLC25A35,3,0.0
SLC25A44,3,0.0
SLC25A5,3,0.0
SLC26A5,3,0.0
SLC27A3,3,0.0
SLC29A1,3,1.7842141389846802
SLC2A4,3,0.0
SLC35A3,3,0.19801995158195496
SLC35B3,3,0.3976963758468628
SLC35C1,3,0.0
SLC39A1,3,0.0
SLC39A10,3,0.0
SLC39A14,3,0.0
SLC39A7,3,0.0
SLC39A9,3,0.5936476588249207
SLC3A2,3,8.306468963623047
SLC43A1,3,0.0
SLC44A4,3,0.0
SLC45A3,3,0.0
SLC4A2,3,0.0
SLC5A4,3,0.0
SLC5A8,3,0.0
SLC6A16,3,0.0
SLC6A2,3,0.0
SLC7A6OS,3,0.0
SLC9A8,3,0.0
SLCO2A1,3,0.0
SLCO4C1,3,0.0
SLFN11,3,0.0
SLITRK1,3,0.0
SLITRK3,3,0.0
SLITRK4,3,0.0
SLU7,3,0.0
SMARCAL1,3,0.0
SMARCD1,3,0.0
SMARCD2,3,0.0
SMARCD3,3,0.0
SMPD4,3,0.0
SMTN,3,0.0
SNAP47,3,0.1498134285211563
SNAPC4,3,0.0
SNCAIP,3,0.0
SND1,3,0.0
SNHG12,3,0.0
SNHG3-RCC1,3,0.0
SNHG5,3,0.0
SNORA61,3,0.0
SNORD115-15,3,4.405022144317627
SNORD115-21,3,0.4502732753753662
SNORD125,3,0.0
SNORD2,3,0.0
SNORD50A,3,0.0
SNORD84,3,0.0
SNRK,3,0.0
SNRPA,3,0.0
SNTG1,3,0.0
SNX5,3,0.0
SOCS2,3,0.2562408149242401
SOCS3,3,0.0
SOD3,3,0.0
SOLH,3,0.4570940136909485
SORBS2,3,0.0
SOX2,3,0.0
SOX2OT,3,0.0
SOX4,3,1.0735617876052856
SOX5,3,0.0
SP5,3,0.0
SP6,3,0.0
SPATA1,3,0.0
SPATA13,3,0.0
SPATA4,3,0.4522015452384949
SPATA5,3,1.5608365535736084
SPATS2,3,0.0
SPATS2L,3,1.415954828262329
SPINT1,3,0.0
SPON2,3,0.0
SPRY1,3,0.0
SPSB1,3,0.0
SPSB4,3,0.5666084289550781
SPTBN1,3,0.11645105481147766
SPTBN4,3,0.0
SREBF1,3,0.0
SRGAP3,3,0.0
SRP19,3,0.0
SS18L1,3,0.0
SSH1,3,0.0
SSH2,3,0.0
SSR3,3,0.0
SSTR2,3,0.0
ST18,3,0.0
ST3GAL1,3,0.0
ST3GAL4,3,0.0
ST5,3,0.0
ST6GAL2,3,0.0
STARD13,3,0.0
STARD7,3,0.0
STAT1,3,0.0
STAT4,3,0.0
STC2,3,7.147644996643066
STK19,3,0.0
STK31,3,0.0
STK32A,3,0.0
STK32C,3,0.0
STK36,3,0.0
STMN1,3,0.0
STON1-GTF2A1L,3,0.3654831349849701
STOX2,3,0.0
STRA6,3,0.0
STRADB,3,0.0
STRN3,3,0.0
SUFU,3,1.146649718284607
SUPT16H,3,0.0
SUPT6H,3,0.0
SUPV3L1,3,0.0
SVIL,3,0.0
SYN1,3,23.532699584960938
SYNE1,3,0.0
SYT1,3,0.0
SYT2,3,0.0
SYT6,3,2.2551844120025635
SYTL1,3,0.0
SYVN1,3,0.0
TACC1,3,0.0
TACC3,3,0.0
TAF10,3,0.0
TAF1D,3,0.0
TAGAP,3,0.1750950664281845
TAGLN2,3,0.0
TAL1,3,0.0
TANC1,3,0.0
TAOK1,3,0.0
TAOK3,3,0.0
TAP1,3,0.0
TAP2,3,0.0
TAPBP,3,0.0
TAX1BP1,3,9.099580764770508
TBC1D16,3,0.9146842956542969
TBC1D28,3,0.0
TBCD,3,0.0
TBRG4,3,0.0
TBX15,3,0.0
TCEA2,3,0.0
TCERG1,3,0.0
TCF19,3,1.0560736656188965
TCF7,3,0.0
TCIRG1,3,0.0
TCP1,3,0.0
TCP11,3,0.3598670959472656
TCP11L1,3,0.0
TCTA,3,0.0
TEAD1,3,0.0
TEC,3,0.0
TEF,3,0.0
TEKT2,3,0.0
TENC1,3,0.0
TET1,3,0.0
TEX11,3,0.08366239070892334
TEX14,3,0.0
TFAP2A,3,0.0
TFIP11,3,0.0
TFPT,3,0.0
TGFBR2,3,0.0
THADA,3,0.0
THAP10,3,0.0
THAP11,3,0.0
THAP2,3,0.0
THBS4,3,0.0
THOC4,3,0.0
THRA,3,0.0
THYN1,3,0.0
TIMM8B,3,0.0
TIMM9,3,0.0
TINF2,3,0.9528986215591431
TIRAP,3,0.0
TLE2,3,0.0
TMBIM1,3,0.0
TMC6,3,0.0
TMC8,3,0.0
TMCC1,3,0.0
TMEM106A,3,0.0
TMEM129,3,0.0
TMEM133,3,0.0
TMEM155,3,0.0
TMEM185A,3,8.784003257751465
TMEM199,3,0.0
TMEM200B,3,0.0
TMEM208,3,0.0
TMEM209,3,0.0
TMEM217,3,0.0
TMEM229A,3,0.0
TMEM229B,3,0.0
TMEM30B,3,0.7495667934417725
TMEM42,3,0.0
TMEM44,3,0.0
TMEM49,3,0.0
TMEM51,3,0.0
TMEM60,3,0.0
TMEM63A,3,0.0
TMEM86B,3,6.590864181518555
TMEM87B,3,7.38739538192749
TMEM90B,3,0.0
TMEM91,3,0.0
TMSB10,3,0.0
TNFRSF10C,3,0.0
TNFRSF19,3,0.0
TNFRSF9,3,0.0
TNFSF11,3,19.18707847595215
TNIP1,3,0.0
TNPO2,3,0.0
TNRC6A,3,2.412208080291748
TNRC6C,3,0.0
TNS3,3,0.0
TNXB,3,0.0
TOE1,3,0.0
TOMM20,3,0.0
TOMM70A,3,0.0
TOR1AIP2,3,0.9870010614395142
TOX2,3,0.0
TP53,3,2.8512685298919678
TP53BP1,3,0.0
TP53RK,3,0.0
TP73,3,0.0
TPM4,3,0.0
TPMT,3,0.0
TPX2,3,0.0
TRABD,3,0.0
TRADD,3,0.0
TRAK2,3,0.0
TRAPPC1,3,0.0
TRAPPC5,3,0.0
TRERF1,3,0.0
TRIL,3,14.837138175964355
TRIM11,3,0.0
TRIM15,3,0.0
TRIM2,3,0.0
TRIM23,3,0.0
TRIM26,3,0.0
TRIM3,3,0.0
TRIM34,3,0.0
TRIM35,3,0.0
TRIM41,3,7.454042911529541
TRIM50,3,0.0
TRIM52,3,0.0
TRIM6-TRIM34,3,0.0
TRIOBP,3,6.332292556762695
TRMT6,3,0.0
TRPC3,3,0.2262752205133438
TRPS1,3,0.0
TRPV1,3,0.0
TRUB1,3,1.2637616395950317
TSC1,3,0.0
TSC22D3,3,0.0
TSGA10,3,0.0
TSNARE1,3,0.0
TSNAX-DISC1,3,6.032732009887695
TSPAN15,3,0.0
TSPAN32,3,0.0
TSPAN4,3,0.0
TSPAN9,3,0.0
TSR1,3,5.628482818603516
TSSC1,3,0.0
TSSC4,3,0.0
TSSK6,3,0.0
TTBK2,3,0.0
TTC39C,3,0.0
TTC8,3,0.0
TTLL10,3,0.07975760102272034
TTLL6,3,0.0
TTYH2,3,1.7662538290023804
TUBA1C,3,0.0
TUBA8,3,0.0
TUBB8,3,0.0
TUBGCP2,3,0.0
TXLNA,3,0.0
TXN2,3,0.0
TXNDC12,3,0.0
TXNDC16,3,0.0
TXNDC17,3,0.0
TXNDC9,3,0.0
TXNRD1,3,0.0
TYMP,3,0.0
UBE2D3,3,0.0
UBE2D4,3,0.0
UBE2E1,3,0.0
UBE2I,3,0.0
UBE2J2,3,0.0
UBE2L3,3,0.0
UBE2M,3,2.5577306747436523
UBFD1,3,0.2683405876159668
UBL4B,3,0.0
UBOX5,3,0.0
UBTF,3,0.0
UBXN11,3,0.0
UCHL3,3,0.6212291717529297
UCN3,3,0.0
UFD1L,3,0.0
UGT8,3,0.0
ULK4,3,0.0
UNC45A,3,0.0
UNKL,3,0.0
UPF3B,3,0.0
UQCC,3,0.0
URGCP,3,0.0
UROS,3,0.0
USMG5,3,0.0
USP16,3,0.0
USP19,3,0.0
USP2,3,0.0
USP21,3,0.0
USP29,3,2.6483945846557617
USP3,3,0.0
USP36,3,0.0
USP39,3,0.0
USP47,3,0.0
USP5,3,0.0
USP50,3,0.0
USP6NL,3,0.0
VAMP4,3,0.0
VANGL2,3,0.0
VARS2,3,0.0
VASH1,3,0.0
VENTX,3,0.0
VEPH1,3,4.3892059326171875
VGLL4,3,0.0
VPS13B,3,0.0
VPS29,3,0.0
VPS35,3,0.0
VPS37C,3,0.0
VPS52,3,0.0
VRK1,3,1.4860577583312988
VSTM2A,3,0.0
VSX1,3,0.0
VSX2,3,0.0
VTI1A,3,11.779848098754883
VWA5B2,3,0.0
WBP1,3,0.0
WDFY4,3,0.0
WDR36,3,0.0
WDR37,3,0.0
WDR45,3,0.0
WDR46,3,0.0
WDR65,3,0.0
WDR75,3,0.0
WDR77,3,0.0
WDR8,3,0.0
WDR81,3,0.0
WDR90,3,5.545133113861084
WDR93,3,0.0
WDSUB1,3,0.0
WEE1,3,0.4116351306438446
WIBG,3,0.0
WIPF1,3,0.0
WIT1,3,0.0
WIZ,3,0.0
WNT2,3,0.0
WRAP53,3,0.0
WRN,3,0.0
WT1,3,0.0
WWP1,3,0.0
WWTR1,3,0.0
XPO5,3,0.0
XRCC3,3,0.0
XRRA1,3,0.0
YIPF1,3,0.0
YME1L1,3,0.0
YPEL3,3,0.0
YTHDF3,3,0.0
ZAK,3,0.0
ZBED5,3,0.0
ZBTB12,3,0.0
ZBTB20,3,0.0
ZBTB22,3,0.0
ZBTB32,3,0.4078409671783447
ZBTB38,3,0.0
ZBTB8B,3,0.0
ZBTB9,3,0.0
ZC3H10,3,0.0
ZC3H12A,3,0.0
ZC3H13,3,0.9779185056686401
ZC3HAV1L,3,0.0
ZCCHC12,3,0.0
ZDHHC22,3,0.0
ZDHHC5,3,0.8136618733406067
ZDHHC6,3,0.0
ZDHHC9,3,0.0
ZEB1,3,0.0
ZFAND6,3,0.0
ZFC3H1,3,0.0
ZFHX3,3,0.0
ZFHX4,3,0.0
ZFP36L2,3,0.0
ZFP41,3,0.0
ZFYVE1,3,0.0
ZFYVE19,3,0.0
ZGPAT,3,0.0
ZIC1,3,0.8221617341041565
ZIC4,3,0.0
ZIM2,3,0.0
ZMAT1,3,0.6697044968605042
ZMIZ1,3,0.0
ZMIZ2,3,0.0
ZMYND10,3,0.0
ZMYND11,3,0.0
ZNF12,3,0.0
ZNF121,3,0.0
ZNF141,3,0.0
ZNF142,3,0.0
ZNF146,3,0.0
ZNF148,3,0.0
ZNF189,3,0.0
ZNF19,3,0.0
ZNF192,3,3.959071636199951
ZNF213,3,0.0
ZNF217,3,0.14809662103652954
ZNF22,3,0.0
ZNF225,3,0.0
ZNF236,3,0.0
ZNF252,3,0.0
ZNF256,3,0.0
ZNF264,3,0.0
ZNF274,3,0.0
ZNF277,3,0.0
ZNF286B,3,0.0
ZNF311,3,0.0
ZNF317,3,0.0
ZNF32,3,0.0
ZNF323,3,1.285038948059082
ZNF331,3,0.0
ZNF350,3,1.2408803701400757
ZNF384,3,0.0
ZNF389,3,0.0
ZNF391,3,0.0
ZNF395,3,0.0
ZNF397,3,0.4543565511703491
ZNF407,3,0.0
ZNF438,3,0.0
ZNF444,3,0.0
ZNF454,3,0.0
ZNF507,3,0.0
ZNF511,3,0.0
ZNF514,3,0.0
ZNF528,3,0.0
ZNF529,3,0.0
ZNF532,3,0.0
ZNF543,3,0.0
ZNF566,3,0.0
ZNF57,3,0.0
ZNF570,3,0.0
ZNF585A,3,0.0
ZNF605,3,0.4657216966152191
ZNF607,3,0.0
ZNF639,3,0.0
ZNF644,3,0.0
ZNF646,3,0.0
ZNF668,3,0.0
ZNF672,3,0.4084186255931854
ZNF688,3,0.08323550224304199
ZNF697,3,0.0
ZNF7,3,0.0
ZNF703,3,0.0
ZNF709,3,1.1603434085845947
ZNF71,3,0.8719812035560608
ZNF735,3,0.0
ZNF750,3,0.0
ZNF75D,3,0.0
ZNF774,3,0.0
ZNF830,3,0.0
ZNF879,3,2.161684274673462
ZNRD1,3,0.0
ZSWIM3,3,0.0
ZXDC,3,0.0
ZZEF1,3,0.0
A1CF,4,0.0
A2BP1,4,0.10539579391479492
A2LD1,4,0.0
AACS,4,0.08303308486938477
AANAT,4,0.0
AARSD1,4,0.0
AATK,4,5.332688331604004
ABCA5,4,0.4349752962589264
ABCB1,4,0.0
ABCB9,4,2.335472583770752
ABCC1,4,1.2645654678344727
ABCD1,4,0.0
ABCF2,4,0.9882087707519531
ABCG1,4,5.890336990356445
ABCG2,4,0.0
ABLIM1,4,0.0
ABR,4,0.0
ACAA1,4,13.173123359680176
ACACA,4,0.0
ACAD10,4,0.0
ACAD8,4,0.0
ACADSB,4,7.7679123878479
ACD,4,0.0
ACOT4,4,0.0
ACOT7,4,0.0
ACOT8,4,0.0
ACOX3,4,0.0
ACRC,4,0.0
ACSF2,4,0.0
ACSF3,4,0.0
ACSL1,4,0.0
ACTA2,4,0.0
ACVR1,4,0.3429687023162842
ADAD1,4,0.0
ADAL,4,5.315448760986328
ADAM29,4,0.0
ADAM5P,4,0.0
ADAMTS17,4,0.0
ADAT3,4,0.0
ADC,4,0.0
ADCK5,4,0.0
ADCY8,4,0.0
ADD2,4,0.0
ADORA2A,4,0.0
ADPRH,4,0.0
ADPRHL1,4,0.0
ADRA2A,4,0.0
ADRA2C,4,0.0
AEN,4,0.0
AFAP1,4,0.0
AFF3,4,0.0
AGAP1,4,0.0
AGAP2,4,4.690738677978516
AGBL4,4,0.0
AGL,4,1.850074291229248
AGPAT1,4,0.0
AGPAT3,4,0.0
AGPAT4,4,0.0
AGPAT9,4,0.7033767104148865
AGXT,4,0.0
AHDC1,4,0.0
AHI1,4,1.5950613021850586
AIDA,4,0.0
AIFM1,4,0.0
AKAP5,4,0.0
AKD1,4,0.0
AKR1A1,4,0.0
AKR1E2,4,4.550098896026611
AKTIP,4,0.6712328195571899
ALDH3A1,4,0.0
ALDH3B2,4,0.0
ALDOA,4,0.0
ALG11,4,0.6793231964111328
ALG12,4,0.0
ALKBH3,4,0.0
ALLC,4,1.6092801094055176
ALPK3,4,0.46193885803222656
ALS2,4,0.05691772699356079
ALX4,4,0.0
AMMECR1,4,0.0
AMPD2,4,0.0
AMPD3,4,0.0
AMZ2,4,0.0
ANAPC11,4,0.0
ANG,4,0.0
ANGPT2,4,0.6420621275901794
ANK2,4,0.0
ANKMY1,4,0.0
ANKRD11,4,0.0
ANKRD26,4,0.0
ANKRD32,4,0.0
ANKRD34A,4,0.0
ANKRD45,4,0.0
ANKS1B,4,0.0
ANP32E,4,0.0
ANXA11,4,0.0
AOX1,4,0.0
AP1B1,4,0.0
AP3D1,4,0.0
AP4E1,4,0.0
AP4S1,4,0.07602247595787048
APAF1,4,0.0
APBB1IP,4,0.0
APBB2,4,0.0
APC,4,0.0
AQP11,4,1.62715482711792
AR,4,0.0
ARFGAP1,4,0.0
ARFIP2,4,0.0
ARHGAP12,4,0.0
ARHGAP29,4,0.0
ARHGEF10,4,0.0
ARHGEF10L,4,0.0
ARHGEF12,4,0.0
ARHGEF18,4,0.0
ARHGEF3,4,0.0
ARL1,4,0.0
ARL2BP,4,0.0
ARL4A,4,0.0
ARL4C,4,0.0
ARL6,4,0.0
ARL6IP1,4,0.15355134010314941
ARMC1,4,0.2529616057872772
ARMC10,4,0.0
ARMC4,4,0.0
ARMCX2,4,0.0
ARRDC2,4,0.0
ARRDC3,4,0.0
ARSB,4,0.0
ART3,4,1.3635139465332031
ARX,4,0.0
ASAM,4,0.0
ASB3,4,0.0
ASCL1,4,0.0
ASF1B,4,3.2395360469818115
ASNS,4,0.0
ASPHD1,4,0.0
ATF6B,4,0.0
ATG4A,4,0.0
ATM,4,0.0
ATN1,4,0.0
ATOH8,4,0.0
ATP13A1,4,0.0
ATP1A4,4,0.0
ATP2B2,4,0.0
ATP2B4,4,0.0
ATP5C1,4,0.0
ATP5F1,4,0.0
ATP5G1,4,0.0
ATP6V0E2,4,0.0
ATP6V1G2,4,0.0
ATP7B,4,0.0
ATXN1,4,0.0
AURKC,4,0.0
AVEN,4,0.0
B3GALNT1,4,0.0
B3GALT4,4,0.0
B3GNT2,4,0.0
BAD,4,0.0
BAI2,4,0.0
BANF1,4,0.0
BANP,4,0.0
BAT1,4,0.0
BAT2,4,0.0
BAT3,4,0.0
BAT4,4,0.0
BBC3,4,0.0
BBX,4,0.0
BCAP31,4,0.0
BCAR1,4,0.0
BCAT1,4,0.0
BCCIP,4,0.0
BCL2,4,0.0
BCL2L10,4,0.0
BCL2L11,4,0.0
BCL6,4,0.0
BCL7C,4,0.0
BCOR,4,0.0
BCORL1,4,2.113147735595703
BCS1L,4,0.0
BCYRN1,4,0.0
BDKRB2,4,0.0
BDNF,4,0.0
BEGAIN,4,0.0
BEND5,4,0.39461779594421387
BEND6,4,0.44266775250434875
BHLHA9,4,0.0
BHLHE22,4,0.0
BIK,4,0.0
BLCAP,4,0.0
BLM,4,0.0
BLOC1S1,4,0.0
BLOC1S2,4,0.0
BMP8B,4,0.0
BMS1P4,4,0.0
BNC1,4,0.0
BNIPL,4,0.0
BOLL,4,0.0
BPGM,4,0.0
BPNT1,4,0.0
BRAF,4,0.0
BRAP,4,0.0
BRCA1,4,0.0
BRCC3,4,0.0
BRD2,4,0.0
BRD3,4,0.0
BRUNOL4,4,0.0
BSCL2,4,0.0
BTBD11,4,0.0
BTBD17,4,0.0
BTBD3,4,0.0
BTG4,4,0.0
BYSL,4,0.07198214530944824
BZW1,4,0.0
C10orf110,4,0.0
C10orf111,4,1.494377851486206
C10orf118,4,0.0
C10orf2,4,0.0
C10orf25,4,0.0
C10orf26,4,0.0
C10orf4,4,0.0
C10orf41,4,0.355589896440506
C10orf58,4,0.0
C10orf96,4,5.5991902351379395
C11orf1,4,0.0
C11orf10,4,0.7025008201599121
C11orf20,4,0.0
C11orf21,4,0.0
C11orf36,4,0.0
C11orf45,4,0.0
C11orf54,4,0.0
C11orf57,4,0.0
C11orf92,4,0.0
C11orf93,4,0.0
C12orf34,4,0.0
C12orf4,4,0.0
C12orf49,4,0.0
C12orf75,4,0.0
C13orf18,4,0.0
C13orf23,4,0.0
C13orf36,4,0.0
C14orf159,4,0.0
C14orf167,4,0.0
C14orf21,4,0.0
C14orf43,4,0.0
C14orf86,4,0.0
C15orf56,4,0.0
C16orf74,4,0.0
C17orf48,4,0.0
C17orf80,4,0.0
C17orf81,4,0.0
C18orf1,4,0.0
C18orf25,4,0.0
C19orf23,4,0.6292057037353516
C19orf40,4,0.0
C19orf54,4,0.0
C19orf56,4,0.0
C19orf61,4,0.0
C1GALT1,4,0.0
C1GALT1C1,4,0.0
C1QL1,4,0.0
C1orf103,4,0.0
C1orf114,4,0.0
C1orf127,4,0.0
C1orf159,4,0.0
C1orf182,4,3.2460038661956787
C1orf183,4,0.0
C1orf187,4,0.0
C1orf21,4,0.0
C1orf210,4,0.0
C1orf56,4,0.0
C1orf58,4,0.0
C1orf59,4,0.0
C1orf84,4,0.0
C1orf86,4,0.0
C1orf95,4,0.0
C20orf112,4,0.0
C20orf117,4,0.0
C20orf132,4,0.0
C20orf134,4,0.0
C20orf151,4,0.0
C20orf177,4,0.0
C20orf196,4,0.0
C20orf201,4,0.0
C20orf30,4,0.0
C20orf7,4,0.402603417634964
C21orf29,4,0.0
C21orf49,4,0.0
C21orf59,4,0.0
C21orf66,4,0.0
C22orf36,4,0.0
C22orf9,4,0.8447147607803345
C2CD4B,4,0.0
C2orf27A,4,0.0
C2orf34,4,0.49777814745903015
C2orf56,4,0.0
C2orf63,4,0.0
C2orf76,4,0.0
C2orf77,4,0.0
C2orf88,4,0.0
C3orf26,4,0.35005462169647217
C3orf39,4,0.0
C3orf52,4,0.0
C3orf57,4,0.0
C3orf58,4,0.0
C3orf75,4,1.077541470527649
C4orf14,4,0.0
C4orf27,4,0.0
C5orf13,4,0.0
C5orf24,4,0.0
C5orf28,4,0.0
C5orf36,4,0.0
C5orf37,4,0.0
C5orf44,4,0.0
C6orf115,4,16.80315399169922
C6orf134,4,0.0
C6orf136,4,0.0
C6orf15,4,0.0
C6orf176,4,0.0
C6orf182,4,0.0
C6orf211,4,0.0
C6orf217,4,0.0
C6orf48,4,0.0
C6orf52,4,0.0
C7orf30,4,0.0
C7orf42,4,0.0
C7orf44,4,2.6903960704803467
C7orf50,4,0.0
C7orf58,4,0.0
C8orf39,4,0.0
C8orf41,4,0.3179261386394501
C8orf77,4,0.0
C9orf103,4,0.0
C9orf139,4,0.0
C9orf3,4,0.0
CA11,4,0.0
CA5BP,4,0.0
CA7,4,0.0
CABLES1,4,5.226927757263184
CACNA1G,4,0.0
CACNA2D3,4,0.0
CACNB2,4,0.0
CAGE1,4,0.0
CALCA,4,0.0
CALHM2,4,0.0
CALM1,4,0.0
CALN1,4,0.0
CAMK2D,4,0.0
CAMKK2,4,0.0
CAMTA1,4,0.0
CAND2,4,0.0
CARD11,4,0.0
CARD14,4,0.0
CARHSP1,4,0.0
CARS,4,0.0
CASC3,4,0.26144057512283325
CASR,4,0.0
CAST,4,0.0
CASZ1,4,0.25398358702659607
CATSPERG,4,0.0
CAV1,4,0.0
CBFA2T3,4,1.1874696016311646
CBLC,4,0.0
CBLN2,4,0.0
CBLN3,4,0.0
CBX5,4,0.0
CC2D1B,4,0.0
CCDC104,4,0.0
CCDC106,4,0.0
CCDC112,4,0.0
CCDC123,4,0.0
CCDC136,4,0.0
CCDC140,4,0.0
CCDC142,4,0.0
CCDC149,4,0.774561882019043
CCDC23,4,0.0
CCDC7,4,0.0
CCDC90B,4,0.0
CCDC96,4,0.0
CCHCR1,4,0.0
CCM2,4,0.0
CCNA1,4,0.0
CCNA2,4,0.0
CCND2,4,0.0
CCND3,4,0.0
CCNY,4,0.0
CCNYL1,4,0.0
CCT3,4,18.914020538330078
CCT6B,4,0.0
CD164L2,4,0.0
CD248,4,0.0
CD44,4,0.0
CD81,4,8.662538528442383
CD82,4,0.0
CD8A,4,0.0
CDC10L,4,0.0
CDC123,4,0.0
CDC2,4,0.0
CDC42EP4,4,0.0
CDC45L,4,0.0
CDCA3,4,0.0
CDGAP,4,0.0
CDH18,4,0.0
CDH23,4,0.0
CDH6,4,2.654413938522339
CDIPT,4,0.0
CDK1,4,0.0
CDK11B,4,0.7784323692321777
CDK4,4,0.0
CDK5,4,0.0
CDK5RAP3,4,0.0
CDK6,4,0.0
CDK7,4,0.0
CDKN1C,4,0.0
CDKN2C,4,0.0
CDS2,4,0.0
CEBPZ,4,0.0
CELSR3,4,0.0
CENPT,4,0.0
CENPV,4,0.0
CEP350,4,0.0
CEP68,4,0.0
CEP76,4,0.0
CETN2,4,0.0
CFL1,4,0.0
CFLAR,4,0.0
CHAD,4,0.0
CHFR,4,0.0
CHKB-CPT1B,4,0.0
CHMP2A,4,0.0
CHPF2,4,0.0
CHRM2,4,8.11092758178711
CHRM5,4,0.0
CHRNA2,4,0.0
CHRNA6,4,0.0
CHST1,4,0.0
CHST8,4,0.0
CIRBP,4,0.0
CISH,4,0.0
CITED2,4,0.0
CKAP5,4,0.0
CKLF,4,0.0
CLASP1,4,0.0
CLCN5,4,0.0
CLCN6,4,0.0
CLDN14,4,1.1441850662231445
CLDN3,4,0.0
CLDN6,4,2.2749526500701904
CLDN9,4,0.0
CLEC4C,4,4.422614097595215
CLIP1,4,0.0
CLSTN3,4,0.0
CLVS1,4,0.0
CMAH,4,0.0
CMBL,4,0.0
CMC1,4,0.0
CNIH4,4,0.0
CNOT2,4,0.0
CNPY1,4,0.0
CNTN4,4,0.0
CNTNAP2,4,0.0
CNTROB,4,0.0
COASY,4,0.0
COG5,4,0.0
COL11A2,4,0.0
COL12A1,4,0.0
COL23A1,4,0.0
COL4A3BP,4,0.0
COL9A3,4,0.0
COLEC11,4,0.0
COMTD1,4,0.0
COPB1,4,0.0
COPG,4,0.0
COX18,4,0.0
CPE,4,0.0
CPEB1,4,0.0
CPLX2,4,0.0
CPNE4,4,0.2627466320991516
CPSF4,4,0.0
CPT1B,4,0.3282737731933594
CR1,4,0.0
CR1L,4,0.0
CREB5,4,0.0
CRISP2,4,0.0
CRLS1,4,0.0
CRY2,4,0.0
CRYGB,4,0.0
CSGALNACT1,4,0.0
CSMD3,4,0.0
CSNK2B,4,0.0
CSPP1,4,0.0
CTBP1,4,0.0
CTBP2,4,0.0
CTPS2,4,0.911787748336792
CTRC,4,0.0
CTSB,4,0.0
CTSZ,4,0.0
CUGBP2,4,0.0
CUL1,4,0.0
CUL4A,4,0.0
CUTA,4,1.1510021686553955
CWF19L2,4,3.6225788593292236
CXCL2,4,0.0
CXCR4,4,0.0
CXCR5,4,0.0
CXXC4,4,0.0
CXXC5,4,0.0
CXorf36,4,0.0
CXorf38,4,0.0
CXorf40B,4,5.70887565612793
CYB5D2,4,0.0
CYFIP1,4,0.0
CYGB,4,0.0
CYP1A1,4,0.0
CYP1B1,4,0.0
CYP26C1,4,0.0
CYorf15A,4,2.9218950271606445
DAB1,4,0.0
DACH1,4,0.0
DAGLA,4,0.0
DALRD3,4,0.0
DAXX,4,0.0
DBI,4,0.0
DBN1,4,0.0
DBR1,4,0.0
DBX1,4,0.0
DCAF4,4,0.0
DCTN5,4,0.0
DDAH2,4,0.0
DDHD2,4,0.0
DDOST,4,0.0
DDR1,4,0.0
DDX17,4,0.0
DDX24,4,0.0
DDX6,4,0.0
DENND4B,4,0.0
DERA,4,0.0
DES,4,0.0
DGKZ,4,0.0
DHDDS,4,0.0
DHDH,4,0.0
DHRS1,4,0.0
DHRS4,4,0.0
DHX16,4,0.0
DHX29,4,0.6588246822357178
DHX30,4,0.0
DIAPH2,4,0.0
DIDO1,4,0.0
DIS3,4,0.0
DIS3L2,4,0.0
DKC1,4,0.0
DKFZp566F0947,4,0.0
DLG2,4,0.0
DLG4,4,0.0
DLGAP2,4,0.0
DLGAP4,4,0.0
DLK1,4,7.189239501953125
DLL1,4,0.0
DLL4,4,0.0
DLX1,4,0.0
DLX2,4,0.0
DLX4,4,0.0
DMD,4,0.0
DMRTB1,4,0.0
DNAH2,4,1.1713051795959473
DNAH7,4,0.0
DNAJC17,4,0.0
DNAJC5,4,0.0
DNAL1,4,0.0
DNASE1L2,4,0.0
DNM1,4,0.0
DNM1L,4,0.0
DNM2,4,0.0
DOCK4,4,0.0
DOM3Z,4,0.0
DPAGT1,4,1.4953224658966064
DPH1,4,0.0
DPH2,4,0.0
DPH5,4,0.0
DPY19L2,4,0.0
DRD2,4,0.0
DRD5,4,0.2729620337486267
DSCAM,4,0.0
DSCC1,4,0.0
DSE,4,0.0
DST,4,0.0
DTNA,4,7.769392013549805
DTNBP1,4,0.0
DTX3L,4,0.0
DULLARD,4,0.0
DUS3L,4,0.0
DUS4L,4,0.0
DUSP1,4,0.0
DUSP10,4,0.0
DUSP4,4,0.0
DYNLL1,4,0.0
DZIP1,4,0.0
DZIP1L,4,0.0
DZIP3,4,0.0
EARS2,4,0.0
EBAG9,4,4.535880088806152
EBNA1BP2,4,0.0
ECE2,4,0.0
EDA,4,0.8025779128074646
EDN1,4,0.0
EDNRA,4,0.0
EDNRB,4,0.0
EED,4,0.0
EEF2,4,0.0
EFCAB5,4,0.0
EFEMP1,4,0.0
EFNA4,4,0.0
EGLN3,4,0.0
EHHADH,4,2.6408300399780273
EHMT1,4,0.0
EHMT2,4,0.0
EI24,4,0.0
EID1,4,0.0
EIF1AD,4,0.0
EIF4A2,4,0.0
EIF4E3,4,1.0862324237823486
EIF4G2,4,6.0828070640563965
EIF4G3,4,0.0
EIF5A2,4,0.0
EIF5B,4,0.0
ELFN1,4,0.0
ELL,4,0.0
ELMO1,4,0.0
ELMO2,4,0.0
ELOVL5,4,0.0
ELOVL7,4,0.0
EMILIN1,4,0.0
EML4,4,0.0
EMP1,4,0.0
EMX2,4,0.0
EMX2OS,4,0.0
ENO1,4,0.0
ENTPD1,4,0.0
EPB41,4,0.0
EPB41L3,4,0.0
EPB49,4,0.0
EPHA10,4,0.0
EPHB6,4,5.140921115875244
EPM2AIP1,4,0.0
EPN1,4,0.0
EPPK1,4,0.0
ERBB2,4,0.0
ERH,4,0.0
ERICH1,4,0.0
ERLEC1,4,0.0
ERLIN2,4,0.0
ERMAP,4,0.0
ERRFI1,4,0.0
ESF1,4,1.4558862447738647
ESR1,4,0.0
ESRRG,4,0.0
ESX1,4,0.0
ESYT3,4,0.0
ETAA1,4,0.0
ETV1,4,0.0
EVX1,4,0.0
EVX2,4,0.0
EXOC2,4,0.0
EXOC3L,4,0.0
EXTL2,4,0.0
EXTL3,4,0.0
EYA2,4,0.0
FAH,4,0.0
FAIM,4,0.0
FAM104A,4,0.0
FAM109A,4,0.0
FAM110B,4,0.0
FAM115A,4,0.0
FAM118B,4,0.0
FAM120C,4,0.0
FAM122A,4,0.0
FAM122C,4,0.0
FAM128B,4,0.9056811332702637
FAM13B,4,0.0
FAM172A,4,0.0
FAM176A,4,0.0
FAM181A,4,0.0
FAM190A,4,0.0
FAM192A,4,0.16475975513458252
FAM20B,4,2.2999162673950195
FAM24B,4,0.0
FAM35A,4,0.0
FAM3C,4,0.0
FAM49A,4,0.0
FAM54B,4,0.0
FAM55C,4,0.0
FAM5B,4,0.0
FAM63B,4,0.0
FAM65A,4,3.8097689151763916
FAM65B,4,0.0
FAM82B,4,0.0
FAM83D,4,0.0
FAM84A,4,0.0
FAM96A,4,0.0
FANCM,4,0.0
FARP1,4,0.0
FARSB,4,0.0
FAS,4,0.0
FASTKD5,4,0.0
FAT1,4,0.0
FAT4,4,0.0
FAU,4,0.0
FBLIM1,4,0.0
FBRSL1,4,0.0
FBXL13,4,0.0
FBXL19,4,0.0
FBXL8,4,0.0
FBXO31,4,0.0
FBXO38,4,0.0
FBXO42,4,0.0
FBXO43,4,0.0
FBXO5,4,0.0
FBXO7,4,0.0
FDXACB1,4,0.0
FEM1A,4,0.0
FEN1,4,0.0
FGF12,4,0.6064120531082153
FGF13,4,0.0
FGFRL1,4,1.135192632675171
FHIT,4,0.0
FHL1,4,0.0
FIG4,4,0.0
FIGNL2,4,0.7223854064941406
FILIP1,4,0.0
FILIP1L,4,0.0
FKBP2,4,0.0
FKBP3,4,0.6554615497589111
FKBP6,4,0.0
FKBPL,4,0.0
FLI1,4,0.0
FLJ10038,4,0.0
FLJ30058,4,0.0
FLJ33630,4,0.0
FLJ35220,4,0.0
FLJ44606,4,0.0
FLJ45983,4,0.0
FLRT2,4,0.0
FN3KRP,4,1.9541449546813965
FNDC3B,4,0.0
FNDC4,4,0.0
FOXB1,4,0.0
FOXO3,4,0.0
FOXP1,4,0.0
FRAT1,4,0.0
FREM2,4,0.0
FRMD6,4,0.0
FRS2,4,0.0
FRY,4,0.0
FRYL,4,3.050657272338867
FSTL5,4,0.0
FTO,4,0.0
FTSJ3,4,0.0
FUNDC2,4,0.0
FXC1,4,0.0
FXR2,4,0.0
FYB,4,0.0
FYN,4,0.0
G6PC3,4,0.0
G6PD,4,0.0
GAB3,4,0.0
GABBR1,4,0.0
GABPB1,4,0.0
GABRA3,4,0.0
GABRA5,4,0.0
GALK2,4,0.0
GALNT9,4,0.0
GALR1,4,0.6044101715087891
GARS,4,0.0
GAS5,4,0.0
GATA2,4,0.0
GATA3,4,0.0
GATA4,4,0.0
GBF1,4,0.0
GCKR,4,0.0
GCNT2,4,0.0
GCOM1,4,0.0
GDF2,4,0.0
GDF7,4,0.0
GFI1,4,0.0
GFM1,4,0.0
GFM2,4,0.0
GFOD1,4,5.307496070861816
GFPT1,4,0.0
GGT1,4,0.0
GHSR,4,0.0
GJD2,4,0.0
GLI1,4,0.0
GLOD4,4,0.0
GLT25D1,4,0.0
GLUD1,4,0.0
GMEB1,4,0.0
GMPR2,4,0.0
GNAS,4,0.0
GNASAS,4,0.0
GNB1,4,0.0
GNG2,4,0.0
GNG4,4,0.0
GNG5,4,0.0
GNG7,4,0.0
GNL1,4,0.0
GNL3L,4,0.0
GNMT,4,0.0
GNPDA1,4,0.0
GNRHR2,4,0.0
GOLGA3,4,0.0
GOLSYN,4,0.0
GPATCH1,4,0.0
GPBP1,4,0.0
GPBP1L1,4,0.0
GPKOW,4,0.0
GPM6A,4,0.0
GPR12,4,0.0
GPR132,4,0.0
GPR135,4,0.0
GPR137,4,0.0
GPR137C,4,0.0
GPR158,4,0.0
GPR20,4,0.0
GPR55,4,0.0
GPR6,4,0.0
GPR63,4,0.0
GPSM3,4,0.0
GRAMD3,4,0.0
GRAMD4,4,13.574808120727539
GRB10,4,0.0
GREB1,4,0.0
GRIN2B,4,18.636425018310547
GRM3,4,0.0
GRN,4,0.0
GSDMA,4,0.0
GSDMB,4,0.0
GSDMD,4,0.0
GSK3B,4,0.1301509141921997
GSTCD,4,0.0
GSTM5,4,0.0
GSTO2,4,0.0
GSTZ1,4,0.0
GTDC1,4,0.0
GTF2H4,4,0.0
GTPBP5,4,0.0
GUCY1A2,4,0.4729177951812744
GUCY2E,4,0.0
GULP1,4,0.0
H19,4,0.0
H1FNT,4,0.0
H2AFJ,4,0.0
H2AFY,4,0.0
HAP1,4,0.0
HARBI1,4,0.0
HARS,4,0.0
HARS2,4,0.0
HAS3,4,0.0
HAUS5,4,0.0
HAUS8,4,0.0
HCCA2,4,0.0
HCG27,4,0.0
HDAC4,4,0.0
HDDC3,4,0.0
HDGFRP3,4,0.0
HDLBP,4,0.0
HEATR1,4,0.0
HEATR4,4,0.0
HECW1,4,0.302315354347229
HERC3,4,0.0
HERC6,4,0.49085259437561035
HGC6.3,4,0.0
HIGD1A,4,0.0
HIGD2A,4,0.0
HIPK1,4,0.0
HIST1H1C,4,0.0
HIST1H1E,4,0.0
HIST1H2AB,4,0.08015644550323486
HIST1H2AG,4,0.0
HIST1H2AK,4,0.0
HIST1H2BJ,4,0.0
HIST1H2BN,4,1.1565461158752441
HIST1H4J,4,4.574756145477295
HIST2H2BE,4,0.0
HIST3H2A,4,0.9924025535583496
HIST3H2BB,4,0.0
HIVEP3,4,0.0
HLA-E,4,0.0
HLA-G,4,0.0
HLTF,4,0.0
HMCN1,4,0.0
HMGXB4,4,0.0
HMOX2,4,0.0
HNRNPA1,4,0.0
HNRNPC,4,0.0
HNRNPF,4,0.0
HNRNPH3,4,0.0
HNRPA1L-2,4,0.0
HOPX,4,0.0
HOXA1,4,0.0
HOXA3,4,0.0
HOXA4,4,0.0
HOXA5,4,0.0
HOXB4,4,7.778627395629883
HOXB5,4,0.0
HOXC12,4,0.0
HOXC4,4,0.0
HOXC5,4,0.0
HOXC6,4,0.0
HPCAL1,4,0.0
HRASLS,4,0.0
HRH1,4,0.0
HRH2,4,0.0
HRNBP3,4,0.0
HRNR,4,0.0
HS3ST3A1,4,0.0
HSD11B2,4,0.0
HSDL1,4,8.648756980895996
HSPA13,4,0.0
HSPA1A,4,0.0
HSPA1B,4,0.0
HSPA1L,4,0.0
HSPA2,4,0.0
HTR1E,4,0.0
HTR2A,4,0.0
HTR2C,4,0.5231986045837402
HUWE1,4,0.0
HYOU1,4,0.0
ICAM3,4,0.0
ID2,4,0.0
IDI2,4,0.0
IER3IP1,4,0.0
IFI27L1,4,0.0
IFITM1,4,5.915241241455078
IFITM5,4,0.2870190739631653
IFT88,4,0.0
IGF2,4,0.0
IGF2AS,4,0.0
IGF2R,4,0.0
IGFBP3,4,0.0
IGSF11,4,0.0
IKBIP,4,0.0
IKBKG,4,0.0
IKZF5,4,0.0
IL17RA,4,1.9382295608520508
IL1RAPL2,4,0.0
IL1RN,4,0.6144880056381226
INCA1,4,0.6285260319709778
INF2,4,0.0
ING1,4,0.0
INPP5D,4,0.0
INS-IGF2,4,0.0
INSC,4,4.045506954193115
INTS12,4,0.0
INTS6,4,0.0
IP6K2,4,0.0
IPO7,4,0.0
IQCC,4,0.0
IQSEC1,4,0.0
IQSEC3,4,0.0
IRF1,4,0.0
IRF2,4,0.0
IRF5,4,0.0
IRX5,4,0.0
ISCA2,4,0.0
ISM1,4,0.0
ITFG3,4,0.017522573471069336
ITGA8,4,0.5011597871780396
ITPR2,4,0.0
ITPRIPL1,4,0.0
IZUMO1,4,0.0
JAKMIP1,4,0.0
JMJD1C,4,0.0
JMJD4,4,0.21238964796066284
JUB,4,0.0
KANK2,4,0.0
KATNAL1,4,0.0
KAZALD1,4,0.0
KCNA3,4,0.0
KCNA5,4,0.0
KCNA7,4,0.0
KCNAB1,4,0.0
KCNB2,4,0.0
KCNG1,4,0.0
KCNH3,4,0.0
KCNIP4,4,0.0
KCNJ16,4,0.0
KCNJ5,4,0.0
KCNK10,4,0.3763650059700012
KCNMB3,4,0.0
KCNQ1,4,0.0
KCNQ1DN,4,0.0
KCNQ1OT1,4,0.0
KCNS3,4,0.0
KCNV2,4,0.0
KCTD1,4,0.0
KCTD8,4,0.0
KDM1A,4,0.0
KDM1B,4,0.0
KDM2B,4,0.0
KDM4C,4,2.472255229949951
KDM6B,4,0.0
KHK,4,0.0
KHNYN,4,0.0
KIAA0090,4,0.0
KIAA0100,4,0.0
KIAA0182,4,0.0
KIAA0226,4,0.0
KIAA0513,4,0.0
KIAA0586,4,0.0
KIAA0652,4,0.0
KIAA0753,4,0.0
KIAA0892,4,0.9768810272216797
KIAA0895,4,9.66191291809082
KIAA1026,4,0.0
KIAA1199,4,0.0
KIAA1217,4,0.0
KIAA1244,4,0.0
KIAA1524,4,0.0
KIAA1530,4,0.0
KIAA1609,4,0.0
KIAA1704,4,0.0
KIAA1949,4,0.0
KIAA2013,4,0.0
KIF12,4,0.0
KIF18A,4,0.0
KIF1B,4,0.0
KIFC1,4,0.0
KILLIN,4,0.0
KIN,4,0.0
KLC2,4,0.0
KLF12,4,0.15183964371681213
KLF14,4,0.0
KLF6,4,0.0
KLHL13,4,0.0
KLHL14,4,0.0
KLHL23,4,0.0
KLHL25,4,0.0
KLHL29,4,0.0
KLHL30,4,0.0
KLHL5,4,0.0
KLHL7,4,0.0
KLK10,4,0.0
KLRAQ1,4,0.0
KRTAP22-1,4,0.0
KSR1,4,3.9814529418945312
L3MBTL,4,0.0
L3MBTL4,4,0.0
LAIR2,4,0.0
LATS1,4,0.289776086807251
LCLAT1,4,0.0
LCMT2,4,0.0
LCP2,4,0.0
LDHAL6B,4,0.0
LDOC1,4,0.0
LEMD3,4,0.0
LEP,4,0.0
LFNG,4,0.0
LHFPL2,4,0.0
LHX9,4,0.0
LIFR,4,0.0
LIG4,4,0.0
LIMA1,4,0.0
LIME1,4,0.0
LIMS2,4,0.0
LINGO3,4,0.0
LMBRD2,4,0.0
LMO3,4,0.0
LNP1,4,0.0
LOC100128003,4,0.0
LOC100128164,4,0.0
LOC100128288,4,0.0
LOC100128811,4,0.0
LOC100128977,4,0.0
LOC100129387,4,0.0
LOC100129716,4,0.0
LOC100129726,4,0.1809650957584381
LOC100130776,4,0.0
LOC100130872,4,0.0
LOC100130872-SPON2,4,0.0
LOC100130933,4,0.0
LOC100130987,4,0.0
LOC100131691,4,0.0
LOC100133315,4,0.0
LOC100134713,4,7.816133975982666
LOC100192378,4,0.0
LOC100192379,4,1.2933506965637207
LOC100272228,4,0.0
LOC100294362,4,0.0
LOC100302401,4,0.0
LOC100302652,4,0.0
LOC100303728,4,0.0
LOC200726,4,0.0
LOC220930,4,0.0
LOC388588,4,0.0
LOC399959,4,0.0
LOC401052,4,0.0
LOC401097,4,0.0
LOC401431,4,0.0
LOC404266,4,0.0
LOC440356,4,0.0
LOC440839,4,0.0
LOC440925,4,0.0
LOC441177,4,0.0
LOC641518,4,0.0
LOC642502,4,0.0
LOC645166,4,0.0
LOC648691,4,0.0
LOC654433,4,0.0
LOC728264,4,0.0
LOC728661,4,0.0
LOC729991,4,0.0
LOC729991-MEF2B,4,0.0
LOC84989,4,0.0
LONRF3,4,0.0
LPP,4,0.0
LPPR1,4,0.0
LRBA,4,0.0
LRFN2,4,0.0
LRFN4,4,0.09906935691833496
LRRC2,4,0.0
LRRC29,4,0.0
LRRC33,4,0.0
LRRC40,4,0.0
LRRC43,4,0.0
LRRC49,4,0.0
LRRC4B,4,0.0
LRRC56,4,0.0
LRRC8D,4,0.0
LSG1,4,0.0
LSM5,4,0.0
LSP1,4,0.0
LSS,4,0.0
LTA,4,0.0
LTBP4,4,0.0
LUC7L2,4,0.0
LXN,4,0.0
LY6D,4,0.0
LY6G5C,4,0.0
LYSMD2,4,8.126822471618652
LZIC,4,0.0
MAB21L2,4,0.0
MACF1,4,0.0
MACROD1,4,0.0
MACROD2,4,2.0581984519958496
MAD2L2,4,0.0
MADD,4,0.0
MAFG,4,0.0
MAFK,4,0.0
MAGED2,4,1.18392014503479
MAGI2,4,0.0
MAN2B1,4,0.0
MANBA,4,0.0
MAP1LC3B,4,0.0
MAP2K3,4,0.0
MAP3K1,4,0.0
MAP3K13,4,0.0
MAP3K8,4,0.0
MAP6,4,0.0
MAP7,4,0.0
MAPK10,4,0.0
MAPK4,4,0.0
MAPK7,4,0.0
MAPRE2,4,0.0
MAPT,4,0.0
MARCH1,4,0.0
MARCH3,4,0.0
MARCH8,4,0.0
MARK2,4,0.0
MAS1L,4,0.0
MASTL,4,0.0
MBNL1,4,0.0
MBNL2,4,0.0
MBOAT7,4,0.0
MBP,4,1.1468108892440796
MBTD1,4,0.0
MBTPS2,4,0.0
MCAM,4,0.0
MCC,4,0.0
MCF2L2,4,0.0
MCM10,4,0.0
MCM7,4,0.0
MCM8,4,0.0
MCPH1,4,0.0
MDC1,4,0.0
MDGA1,4,0.0
MDN1,4,0.0
ME2,4,0.0
MECOM,4,0.44868022203445435
MED10,4,0.0
MED20,4,0.0
MED24,4,4.607305526733398
MED29,4,0.0
MED8,4,0.0
MEF2D,4,0.0
MEG8,4,0.0
MEGF8,4,0.2723727822303772
MEST,4,0.0
MESTIT1,4,0.0
METT5D1,4,0.0
METTL13,4,0.0
METTL9,4,13.64191722869873
MEX3D,4,0.0
MFSD11,4,0.0
MGAT1,4,0.0
MGC16121,4,4.112128734588623
MGC16275,4,0.0
MICAL3,4,0.0
MID1,4,0.0
MIPEP,4,0.0
MIR1207,4,0.0
MIR1224,4,0.0
MIR1256,4,0.0
MIR127,4,0.0
MIR1286,4,0.20836256444454193
MIR1470,4,0.7213869690895081
MIR191,4,0.0
MIR199A1,4,0.0
MIR2110,4,0.0
MIR33B,4,0.0
MIR34C,4,0.0
MIR372,4,0.0
MIR376A1,4,0.0
MIR376B,4,0.0
MIR425,4,0.0
MIR503,4,1.3477232456207275
MIR548G,4,0.0
MIR654,4,0.0
MITF,4,0.0
MKNK1,4,0.0
MKX,4,0.0
MLH1,4,0.0
MLLT6,4,0.0
MMP15,4,0.0
MOGS,4,0.0
MON2,4,0.9800443649291992
MORG1,4,0.0
MOSPD1,4,0.0
MOXD1,4,0.0
MPHOSPH8,4,0.0
MPP5,4,3.6073641777038574
MPPED1,4,4.804366588592529
MPV17L2,4,0.0
MRAS,4,0.0
MRGPRF,4,0.0
MRGPRG,4,0.0
MRGPRX1,4,0.0
MRPL2,4,0.0
MRPL33,4,0.0
MRPL43,4,0.0
MRPL49,4,0.0
MRPL50,4,0.0
MRPS18B,4,0.0
MRPS9,4,0.0
MRTO4,4,0.0
MSH5,4,0.27481406927108765
MSH6,4,0.0
MSI2,4,0.0
MST1,4,0.0
MSX1,4,0.0
MT1A,4,0.0
MTCP1,4,0.0
MTCP1NB,4,0.0
MTERF,4,0.0
MTERFD3,4,0.0
MTHFD1,4,0.0
MTHFR,4,0.0
MTIF3,4,0.0
MTO1,4,0.0
MTOR,4,0.0
MTUS1,4,0.0
MUL1,4,0.0
MUM1,4,0.0
MUTYH,4,0.0
MX1,4,0.0
MXD1,4,0.0
MYADM,4,0.0
MYADML2,4,0.42110440135002136
MYC,4,0.0
MYD88,4,0.0
MYEOV2,4,0.0
MYH6,4,0.0
MYH7,4,0.0
MYL6B,4,0.0
MYL7,4,0.0
MYLK2,4,0.0
MYO19,4,0.0
MYO1E,4,0.0
MYO9A,4,0.0
MYO9B,4,0.0
MYOCD,4,0.0
MYOD1,4,0.0
MYOM2,4,0.0
MYT1,4,16.739559173583984
MYT1L,4,0.2823050320148468
NACA,4,0.0
NANOS2,4,0.0
NAP1L4,4,0.0
NAT15,4,0.0
NBAS,4,0.6630945205688477
NBR2,4,0.0
NCALD,4,0.0
NCAPD2,4,0.0
NCK1,4,0.0
NCOA2,4,0.0
NCOA4,4,0.0
NCOR2,4,0.0
NCRNA00171,4,3.787503480911255
NDRG2,4,0.0
NDRG4,4,0.0
NDUFA3,4,0.0
NDUFA4L2,4,6.396991729736328
NDUFAB1,4,0.0
NDUFAF3,4,0.0
NDUFB11,4,0.0
NDUFB2,4,1.0401060581207275
NDUFS4,4,0.0
NECAB3,4,1.8804850578308105
NEDD4L,4,0.0
NEDD8,4,0.0
NEDD9,4,0.0
NEFM,4,0.0
NEK7,4,4.809898376464844
NEU1,4,0.0
NEU4,4,0.0
NEURL,4,0.0
NEUROG1,4,0.0
NFASC,4,0.0
NFATC1,4,0.04127925634384155
NFIA,4,0.0
NFIB,4,0.0
NFIC,4,0.3211251497268677
NFKB2,4,0.0
NFKBIL1,4,0.0
NFKBIZ,4,0.0
NFU1,4,0.0
NFYA,4,0.0
NHLRC3,4,0.0
NHP2,4,0.0
NHS,4,1.490728497505188
NIPA1,4,0.0
NKAIN3,4,0.0
NKIRAS2,4,14.639922142028809
NKRF,4,0.0
NKX6-2,4,0.0
NLE1,4,0.0
NLRC4,4,0.0
NLRC5,4,0.0
NMB,4,4.871579170227051
NMBR,4,0.0
NMNAT1,4,0.0
NMNAT2,4,0.0
NNAT,4,0.0
NOL7,4,0.0
NOP16,4,0.0
NOP56,4,0.0
NOP58,4,0.0
NOTCH4,4,0.0
NOX3,4,0.0
NPAS2,4,0.0
NPAT,4,0.0
NPC2,4,0.0
NPM1,4,0.0
NPPC,4,12.004910469055176
NPR3,4,0.0
NPY2R,4,0.0
NR1D1,4,0.0
NR2F2,4,0.0
NR3C1,4,0.0
NR4A3,4,0.0
NRBF2,4,0.0
NRXN2,4,0.0
NSA2,4,0.0
NSD1,4,5.927488327026367
NSDHL,4,0.0
NT5C2,4,0.0
NT5C3,4,0.0
NT5DC1,4,0.0
NT5DC2,4,0.0
NTF3,4,0.0
NTM,4,0.0
NTRK1,4,0.0
NUDT10,4,0.34224557876586914
NUDT5,4,0.0
NUDT6,4,0.0
NUFIP1,4,0.0
NUP43,4,0.0
NUP50,4,0.0
NUP88,4,0.0
NUP98,4,1.4842519760131836
OAZ3,4,0.0
OBFC2B,4,3.032071352005005
OCA2,4,0.0
OCIAD1,4,0.0
OCRL,4,0.0
ODZ4,4,0.0
OGDHL,4,0.0
OGFOD2,4,0.0
OGT,4,0.0
OLIG1,4,0.3258344829082489
ONECUT2,4,1.629054069519043
OPRL1,4,0.0
OPTN,4,0.0
OR10Q1,4,0.0
OR2L13,4,0.0
OR5M10,4,0.0
OR8S1,4,0.0
OR8U8,4,0.0
ORC1L,4,0.0
ORC6L,4,0.0
ORMDL3,4,0.0
OSBPL1A,4,0.0
OSBPL3,4,0.0
OSBPL5,4,0.0
OSBPL8,4,0.0
OSBPL9,4,0.0
OSGIN2,4,0.0
OTUB1,4,0.0
OTUD5,4,0.0
OTX1,4,0.0
OXGR1,4,1.8481216430664062
P2RY2,4,0.0
P4HA1,4,0.0
P4HTM,4,0.0
PACSIN1,4,0.0
PAF1,4,0.0
PAFAH2,4,0.0
PAK1IP1,4,0.0
PAK3,4,0.0
PAK4,4,0.0
PAK6,4,0.0
PALB2,4,0.0
PANK1,4,0.0
PAOX,4,0.0
PAPOLB,4,0.0
PAQR8,4,0.0
PARD6A,4,0.0
PARP9,4,0.0
PASK,4,0.0
PAX2,4,0.0
PAX3,4,0.0
PAX8,4,0.0
PAX9,4,0.0
PBK,4,0.0
PBLD,4,0.0
PBX2,4,0.0
PC,4,0.0
PCDH11X,4,0.0
PCDH8,4,0.0
PCDHA1,4,0.0
PCDHA10,4,0.0
PCDHA11,4,0.0
PCDHA12,4,0.0
PCDHA13,4,0.0
PCDHA2,4,0.0
PCDHA3,4,0.0
PCDHA4,4,0.0
PCDHA5,4,0.0
PCDHA6,4,0.0
PCDHA7,4,0.0
PCDHA8,4,0.0
PCDHA9,4,0.0
PCDHAC1,4,0.0
PCDHB16,4,0.0
PCDHB2,4,0.0
PCDHGA1,4,0.0
PCDHGA10,4,0.0
PCDHGA11,4,0.0
PCDHGA12,4,0.0
PCDHGA2,4,0.0
PCDHGA3,4,0.0
PCDHGA4,4,0.0
PCDHGA5,4,0.0
PCDHGA6,4,0.0
PCDHGA7,4,0.0
PCDHGA8,4,0.0
PCDHGA9,4,0.30187559127807617
PCDHGB1,4,0.0
PCDHGB2,4,0.0
PCDHGB3,4,0.0
PCDHGB4,4,0.0
PCDHGB5,4,0.0
PCDHGB6,4,0.0
PCDHGB7,4,12.616122245788574
PCDHGC3,4,0.0
PCGF3,4,0.0
PCIF1,4,0.0
PCLO,4,2.567376136779785
PCNA,4,0.0
PCOTH,4,0.0
PCYT1A,4,0.0
PDCD11,4,0.0
PDCD7,4,0.0
PDE10A,4,0.0
PDE11A,4,0.0
PDE2A,4,0.0
PDE4B,4,0.0
PDE4D,4,5.981532573699951
PDE5A,4,0.0
PDE6B,4,0.0
PDE9A,4,0.0
PDGFC,4,0.0
PDGFD,4,0.0
PDIA5,4,0.0
PDIK1L,4,0.0
PDP1,4,0.0
PDS5B,4,0.0
PEG10,4,0.0
PEG3,4,0.0
PEMT,4,0.0
PEX11A,4,0.0
PEX11B,4,3.541323661804199
PEX5,4,0.0
PFDN6,4,0.0
PFKFB3,4,0.0
PFKM,4,0.0
PGAP2,4,3.6669247150421143
PGM3,4,0.0
PHF1,4,6.259294509887695
PHLDA2,4,0.0
PHLDB1,4,0.0
PHLDB2,4,0.0
PHOSPHO2,4,0.0
PHTF2,4,0.0
PI4KA,4,4.591257572174072
PIBF1,4,0.27620458602905273
PICK1,4,0.0
PIGV,4,0.0
PIGW,4,0.9036713242530823
PIH1D2,4,0.0
PIK3CD,4,0.0
PILRB,4,0.0
PINX1,4,0.0
PIP5K1B,4,0.0
PITPNC1,4,0.0
PITX2,4,0.0
PIWIL2,4,0.0
PKDREJ,4,0.0
PKHD1L1,4,0.0
PKIB,4,0.0
PKN1,4,0.00960087776184082
PKNOX2,4,0.0
PLAC8,4,0.0
PLAGL1,4,2.3538405895233154
PLCB2,4,0.23540781438350677
PLEC1,4,0.0
PLEKHA5,4,0.0
PLEKHA6,4,0.0
PLEKHB2,4,0.0
PLEKHF2,4,0.0
PLEKHG5,4,0.0
PLEKHH2,4,0.0
PLEKHJ1,4,0.0
PLEKHO2,4,0.0
PLXDC2,4,3.6321582794189453
PMEPA1,4,0.0
PMP22,4,0.37662968039512634
PMS2L1,4,0.0
PNKD,4,0.0
PNPLA1,4,0.0
PNPLA2,4,0.0
PNPLA6,4,0.0
POLDIP2,4,0.0
POLG,4,0.0
POLH,4,0.0
POLK,4,0.0
POLR2B,4,0.0
POLR2L,4,0.0
POMGNT1,4,0.0
PON3,4,0.0
POU2F1,4,0.0
POU2F2,4,0.0
POU3F1,4,3.3652267456054688
POU5F1B,4,0.0
PPAP2C,4,0.0
PPID,4,0.0
PPM1G,4,0.0
PPM1H,4,0.0
PPM1K,4,0.0
PPP1R10,4,0.6318123936653137
PPP1R3D,4,0.0
PPP1R8,4,0.0
PPP2CB,4,0.0
PPP2R2B,4,0.0
PPP2R2D,4,0.0
PPT2,4,0.0
PRAME,4,0.0
PRCD,4,0.0
PRDM2,4,0.0
PRDM8,4,3.9949910640716553
PRDX6,4,0.0
PREPL,4,0.0
PRH1,4,0.0
PRIC285,4,3.406129837036133
PRKAG2,4,0.0
PRKAR2A,4,0.0
PRKCA,4,0.0
PRKCE,4,0.0
PRKCZ,4,0.0
PRKD2,4,0.0
PRLR,4,0.0
PRMT7,4,0.0
PROM1,4,0.0
PRPF31,4,0.7352126836776733
PRPF38A,4,1.9427762031555176
PRR11,4,0.0
PRR15,4,0.0
PRR23A,4,0.0
PRR3,4,0.0
PRR4,4,0.0
PRR5,4,0.0
PRR5-ARHGAP8,4,0.0
PRR5L,4,0.0
PRRT1,4,0.0
PRSS35,4,0.0
PRSS8,4,0.0
PSCA,4,0.0
PSMA1,4,0.0
PSMB10,4,0.0
PSMB11,4,0.0
PSMB3,4,0.0
PSMB9,4,0.0
PSMC5,4,0.0
PSMD1,4,0.0
PSMD10,4,0.0
PSME2,4,0.0
PSMG2,4,1.9607709646224976
PSORS1C1,4,0.0
PSRC1,4,0.0
PTCD1,4,0.0
PTCH1,4,0.0
PTEN,4,0.0
PTGER4,4,0.0
PTK2B,4,0.0
PTN,4,5.198207855224609
PTPN21,4,0.0
PTPRE,4,0.0
PTPRG,4,0.0
PTPRO,4,0.0
PTPRR,4,0.0
PTPRS,4,0.0
PTRH2,4,0.0
PURG,4,0.0
PVRL4,4,0.0
PVT1,4,0.0
PXMP3,4,0.0
PXN,4,0.0
PYGO1,4,0.0
PYY,4,0.0
RAB11FIP3,4,0.0
RAB1B,4,0.0
RAB30,4,0.0
RAB3IP,4,0.0
RAB43,4,0.0
RAB4A,4,0.0
RAB5A,4,0.0
RAB7A,4,0.0
RABEP2,4,1.0495924949645996
RABGEF1,4,0.0
RACGAP1,4,0.0
RAD21,4,0.0
RAD51,4,0.0
RAD51AP1,4,0.0
RAD51C,4,0.0
RAD9B,4,0.0
RADIL,4,0.4274951219558716
RAI1,4,0.0
RAI14,4,0.0
RALB,4,0.0
RANGAP1,4,0.0
RANGRF,4,0.0
RAP1A,4,6.551998615264893
RAP2B,4,2.9602091312408447
RAPGEF5,4,0.0
RARG,4,0.0
RASAL2,4,0.0
RASGEF1A,4,0.0
RASGEF1B,4,0.0
RASGRF1,4,0.0
RASSF1,4,0.0
RASSF2,4,0.0
RASSF5,4,0.0
RB1,4,0.0
RBM10,4,0.0
RBM12B,4,0.0
RBM15,4,0.0
RBM44,4,0.3015975058078766
RBP5,4,0.0
RBPJ,4,8.550787925720215
RCC1,4,0.0
RCC2,4,0.0
RCCD1,4,0.0
RDBP,4,0.0
RECQL5,4,0.0
RFPL2,4,11.084638595581055
RFX2,4,0.0
RFX7,4,0.0
RFX8,4,0.0
RFXANK,4,0.0
RGAG1,4,0.0
RGMA,4,0.0
RGS3,4,0.0
RHEB,4,0.0
RHOA,4,0.0
RHOBTB1,4,0.0
RIOK1,4,0.0
RLBP1,4,0.0
RMND1,4,0.0
RNASE4,4,0.0
RNF111,4,0.0
RNF114,4,0.0
RNF121,4,0.0
RNF123,4,0.0
RNF139,4,3.4562644958496094
RNF150,4,0.5957271456718445
RNF215,4,0.0
RNF220,4,0.0
RNF25,4,0.0
RNF31,4,0.0
RNF34,4,0.0
RNF39,4,0.0
RNF4,4,0.0
RNF5P1,4,0.0
RNFT2,4,0.0
RNMTL1,4,0.0
RNPC3,4,0.0
RNPEP,4,0.0
RNPS1,4,0.0
ROBO1,4,0.0
ROBO2,4,2.8798747062683105
RP9P,4,0.0
RPAIN,4,0.0
RPF2,4,0.0
RPGRIP1L,4,0.0
RPL10,4,0.0
RPL13A,4,0.0
RPL13AP5,4,0.0
RPL29P2,4,0.0
RPN2,4,0.0
RPP30,4,0.9592188596725464
RPP38,4,0.0
RPS12,4,0.0
RPS14,4,0.5282397270202637
RPS15A,4,0.0
RPS18,4,0.48884350061416626
RPS19,4,0.0
RPS26,4,0.0
RPS27A,4,0.0
RPS6KA5,4,0.0
RPSA,4,1.4585227966308594
RREB1,4,0.0
RRS1,4,0.0
RSBN1,4,0.0
RSU1,4,0.0
RTBDN,4,0.0
RTL1,4,0.0
RTN2,4,0.0
RTN4,4,0.0
RTN4R,4,0.0
RUNDC1,4,0.0
RUNX2,4,0.0
RUNX3,4,0.0
RWDD1,4,0.0
RWDD2A,4,0.0
RXRB,4,0.0
SACS,4,0.0
SALL1,4,0.0
SAMD14,4,0.0
SAMD5,4,0.0
SBF2,4,0.0
SBK1,4,0.0
SC4MOL,4,0.0
SCAMP3,4,0.0
SCAMP4,4,0.0
SCAND3,4,0.0
SCCPDH,4,0.0
SCIN,4,9.178291320800781
SCMH1,4,0.0
SCML1,4,0.0
SCN3B,4,0.0
SCNN1G,4,0.0
SCO1,4,0.0
SCO2,4,0.0
SCOC,4,0.0
SCRIB,4,0.0
SCRN1,4,0.0
SCRN2,4,0.0
SDF2,4,0.0
SDF4,4,0.0
SDHC,4,0.0
SDHD,4,0.0
SDR42E1,4,0.0
SEC1,4,0.0
SEC13,4,0.0
SEC62,4,0.0
SELO,4,0.0
SELV,4,0.0
SEMA5A,4,0.0
SEMA6C,4,0.0
SEMA6D,4,0.0
SENP1,4,0.0
SENP8,4,0.0
SEPHS1,4,0.0
SEPHS2,4,0.0
SEPT2,4,0.7818394303321838
SEPT9,4,0.0
SERPINA1,4,0.0
SERPINC1,4,0.0
SERPINE2,4,0.0
SERPING1,4,0.0
SERTAD3,4,0.0
SETD4,4,0.0
SF4,4,0.0
SFMBT1,4,0.0
SFN,4,0.0
SFRP1,4,0.0
SFRP2,4,0.0
SFRS11,4,0.0
SFRS2,4,0.0
SFRS9,4,0.0
SFTPC,4,0.0
SGCE,4,0.0
SGMS1,4,0.0
SGTA,4,0.0
SH2B1,4,0.0
SH3BP2,4,0.0
SH3BP4,4,0.0
SHANK2,4,0.0
SHBG,4,0.1875380277633667
SHC1,4,0.3511897623538971
SHC4,4,0.0
SHOC2,4,0.0
SIM1,4,0.0
SIN3A,4,0.723482608795166
SIPA1L3,4,0.0
SKA2,4,0.0
SKIV2L,4,0.0
SKIV2L2,4,0.0
SLA2,4,0.0
SLAIN1,4,0.0
SLC10A7,4,0.0
SLC11A1,4,0.0
SLC12A2,4,0.0
SLC12A4,4,1.0643107891082764
SLC12A6,4,0.0
SLC12A9,4,0.4025416970252991
SLC13A4,4,0.40813517570495605
SLC16A3,4,0.0
SLC20A2,4,0.0
SLC22A18,4,0.0
SLC22A18AS,4,0.0
SLC22A2,4,0.0
SLC22A23,4,0.0
SLC24A6,4,0.0
SLC25A3,4,0.0
SLC25A35,4,0.0
SLC25A44,4,0.0
SLC25A5,4,0.0
SLC26A5,4,1.6100478172302246
SLC27A3,4,0.0
SLC29A1,4,0.0
SLC2A4,4,0.0
SLC35A3,4,0.0
SLC35B3,4,0.0
SLC35C1,4,0.0
SLC39A1,4,0.0
SLC39A10,4,0.0
SLC39A14,4,0.0
SLC39A7,4,0.0
SLC39A9,4,0.0
SLC3A2,4,0.0
SLC43A1,4,0.0
SLC44A4,4,0.0
SLC45A3,4,0.0
SLC4A2,4,0.28441569209098816
SLC5A4,4,0.1732175350189209
SLC5A8,4,0.0
SLC6A16,4,0.0
SLC6A2,4,0.0
SLC7A6OS,4,1.4986454248428345
SLC9A8,4,0.0
SLCO2A1,4,0.5607272386550903
SLCO4C1,4,0.0
SLFN11,4,0.0
SLITRK1,4,0.0
SLITRK3,4,0.0
SLITRK4,4,0.0
SLU7,4,0.0
SMARCAL1,4,0.0
SMARCD1,4,0.0
SMARCD2,4,0.0
SMARCD3,4,0.0
SMPD4,4,0.0
SMTN,4,0.0
SNAP47,4,4.703482627868652
SNAPC4,4,0.0
SNCAIP,4,0.0
SND1,4,5.574912071228027
SNHG12,4,0.0
SNHG3-RCC1,4,0.0
SNHG5,4,0.0
SNORA61,4,0.0
SNORD115-15,4,7.807196140289307
SNORD115-21,4,4.1200385093688965
SNORD125,4,0.0
SNORD2,4,0.0
SNORD50A,4,0.0
SNORD84,4,0.0
SNRK,4,0.0
SNRPA,4,0.0
SNTG1,4,0.0
SNX5,4,0.0
SOCS2,4,0.0
SOCS3,4,0.0
SOD3,4,0.0
SOLH,4,0.0
SORBS2,4,0.0
SOX2,4,2.785036563873291
SOX2OT,4,0.956580400466919
SOX4,4,0.0
SOX5,4,0.5012236833572388
SP5,4,0.0
SP6,4,0.0
SPATA1,4,0.0
SPATA13,4,0.0
SPATA4,4,0.9835803508758545
SPATA5,4,0.0
SPATS2,4,0.0
SPATS2L,4,0.0
SPINT1,4,0.0
SPON2,4,0.0
SPRY1,4,0.0
SPSB1,4,0.0
SPSB4,4,0.0
SPTBN1,4,0.0
SPTBN4,4,0.0
SREBF1,4,0.0
SRGAP3,4,0.0
SRP19,4,0.0
SS18L1,4,0.0
SSH1,4,0.0
SSH2,4,0.0
SSR3,4,0.0
SSTR2,4,0.0
ST18,4,0.0
ST3GAL1,4,0.26455649733543396
ST3GAL4,4,0.0
ST5,4,0.0
ST6GAL2,4,0.0
STARD13,4,0.0
STARD7,4,0.0
STAT1,4,0.0
STAT4,4,0.0
STC2,4,0.0
STK19,4,0.0
STK31,4,0.0
STK32A,4,0.0
STK32C,4,0.0
STK36,4,0.0
STMN1,4,0.0
STON1-GTF2A1L,4,0.7185022830963135
STOX2,4,0.0
STRA6,4,0.0
STRADB,4,0.0
STRN3,4,0.0
SUFU,4,0.0
SUPT16H,4,0.0
SUPT6H,4,0.0
SUPV3L1,4,0.0
SVIL,4,0.0
SYN1,4,0.0
SYNE1,4,0.0
SYT1,4,0.0
SYT2,4,0.0
SYT6,4,0.0
SYTL1,4,0.0
SYVN1,4,0.0
TACC1,4,0.0
TACC3,4,0.0
TAF10,4,0.0
TAF1D,4,0.0
TAGAP,4,0.0
TAGLN2,4,0.0
TAL1,4,0.0
TANC1,4,0.0
TAOK1,4,0.0
TAOK3,4,0.0
TAP1,4,0.0
TAP2,4,0.0
TAPBP,4,0.0
TAX1BP1,4,4.0228776931762695
TBC1D16,4,0.0
TBC1D28,4,0.0
TBCD,4,0.4294000267982483
TBRG4,4,0.0
TBX15,4,0.0
TCEA2,4,0.0
TCERG1,4,0.0
TCF19,4,0.0
TCF7,4,0.0
TCIRG1,4,0.0
TCP1,4,0.0
TCP11,4,0.0
TCP11L1,4,0.0
TCTA,4,0.0
TEAD1,4,0.0
TEC,4,0.0
TEF,4,0.0
TEKT2,4,0.0
TENC1,4,0.0
TET1,4,0.0
TEX11,4,0.0
TEX14,4,0.8564814329147339
TFAP2A,4,0.0
TFIP11,4,0.0
TFPT,4,0.0
TGFBR2,4,0.0
THADA,4,0.0
THAP10,4,0.0
THAP11,4,0.0
THAP2,4,0.0
THBS4,4,0.0
THOC4,4,0.0
THRA,4,0.0
THYN1,4,0.0
TIMM8B,4,0.0
TIMM9,4,0.0
TINF2,4,0.0
TIRAP,4,0.0
TLE2,4,2.25645112991333
TMBIM1,4,0.0
TMC6,4,0.0
TMC8,4,0.0
TMCC1,4,0.0
TMEM106A,4,0.0
TMEM129,4,0.0
TMEM133,4,0.0
TMEM155,4,0.0
TMEM185A,4,1.2176783084869385
TMEM199,4,0.0
TMEM200B,4,0.0
TMEM208,4,0.0
TMEM209,4,0.0
TMEM217,4,0.0
TMEM229A,4,0.0
TMEM229B,4,0.0
TMEM30B,4,0.0
TMEM42,4,0.0
TMEM44,4,0.0
TMEM49,4,0.0
TMEM51,4,0.0
TMEM60,4,0.0
TMEM63A,4,0.0
TMEM86B,4,0.0
TMEM87B,4,0.0
TMEM90B,4,0.0
TMEM91,4,0.0
TMSB10,4,0.0
TNFRSF10C,4,0.0
TNFRSF19,4,0.0
TNFRSF9,4,0.0
TNFSF11,4,0.0
TNIP1,4,0.0
TNPO2,4,0.0
TNRC6A,4,20.20486068725586
TNRC6C,4,0.0
TNS3,4,0.0
TNXB,4,0.0
TOE1,4,0.0
TOMM20,4,0.0
TOMM70A,4,0.0
TOR1AIP2,4,0.0
TOX2,4,0.0
TP53,4,0.0
TP53BP1,4,0.0
TP53RK,4,0.0
TP73,4,0.0
TPM4,4,0.0
TPMT,4,0.0
TPX2,4,0.0
TRABD,4,0.0
TRADD,4,0.0
TRAK2,4,0.0
TRAPPC1,4,0.0
TRAPPC5,4,0.0
TRERF1,4,0.0
TRIL,4,0.0
TRIM11,4,0.0
TRIM15,4,0.0
TRIM2,4,0.0
TRIM23,4,0.0
TRIM26,4,0.0
TRIM3,4,0.0
TRIM34,4,0.0
TRIM35,4,0.0
TRIM41,4,0.0
TRIM50,4,0.0
TRIM52,4,0.0
TRIM6-TRIM34,4,0.0
TRIOBP,4,0.0
TRMT6,4,0.0
TRPC3,4,2.8277153968811035
TRPS1,4,0.0
TRPV1,4,0.0
TRUB1,4,1.4085490703582764
TSC1,4,0.0
TSC22D3,4,0.0
TSGA10,4,0.0
TSNARE1,4,0.0
TSNAX-DISC1,4,0.0
TSPAN15,4,0.0
TSPAN32,4,0.0
TSPAN4,4,0.0
TSPAN9,4,0.0
TSR1,4,0.0
TSSC1,4,0.0
TSSC4,4,0.0
TSSK6,4,0.0
TTBK2,4,0.0
TTC39C,4,0.0
TTC8,4,0.0
TTLL10,4,0.0
TTLL6,4,0.0
TTYH2,4,0.0
TUBA1C,4,0.0
TUBA8,4,0.0
TUBB8,4,0.0
TUBGCP2,4,0.0
TXLNA,4,0.0
TXN2,4,1.0462119579315186
TXNDC12,4,0.0
TXNDC16,4,0.0
TXNDC17,4,0.0
TXNDC9,4,0.0
TXNRD1,4,0.0
TYMP,4,0.0
UBE2D3,4,0.0
UBE2D4,4,0.0
UBE2E1,4,0.0
UBE2I,4,2.316833257675171
UBE2J2,4,0.0
UBE2L3,4,0.0
UBE2M,4,0.0
UBFD1,4,0.0
UBL4B,4,0.0
UBOX5,4,0.0
UBTF,4,0.0
UBXN11,4,0.0
UCHL3,4,0.0
UCN3,4,0.0
UFD1L,4,0.0
UGT8,4,0.0
ULK4,4,0.0
UNC45A,4,0.0
UNKL,4,0.0
UPF3B,4,0.0
UQCC,4,0.0
URGCP,4,0.0
UROS,4,0.0
USMG5,4,0.0
USP16,4,0.0
USP19,4,0.0
USP2,4,0.0
USP21,4,0.0
USP29,4,30.942283630371094
USP3,4,0.0
USP36,4,0.0
USP39,4,0.0
USP47,4,0.0
USP5,4,0.0
USP50,4,0.0
USP6NL,4,0.0
VAMP4,4,0.0
VANGL2,4,0.0
VARS2,4,0.0
VASH1,4,0.0
VENTX,4,0.0
VEPH1,4,0.0
VGLL4,4,0.0
VPS13B,4,0.0
VPS29,4,0.0
VPS35,4,0.0
VPS37C,4,0.0
VPS52,4,0.0
VRK1,4,0.0
VSTM2A,4,1.7715131044387817
VSX1,4,0.0
VSX2,4,0.0
VTI1A,4,0.0
VWA5B2,4,0.0
WBP1,4,0.0
WDFY4,4,0.0
WDR36,4,0.0
WDR37,4,0.0
WDR45,4,0.0
WDR46,4,0.0
WDR65,4,0.0
WDR75,4,0.0
WDR77,4,0.0
WDR8,4,0.0
WDR81,4,0.0
WDR90,4,0.0
WDR93,4,0.0
WDSUB1,4,0.0
WEE1,4,0.0
WIBG,4,0.0
WIPF1,4,0.0
WIT1,4,0.0
WIZ,4,0.0
WNT2,4,0.0
WRAP53,4,0.0
WRN,4,0.0
WT1,4,0.0
WWP1,4,0.0
WWTR1,4,0.0
XPO5,4,0.0
XRCC3,4,0.0
XRRA1,4,0.0
YIPF1,4,0.290982723236084
YME1L1,4,7.762321472167969
YPEL3,4,0.0
YTHDF3,4,0.0
ZAK,4,5.855581283569336
ZBED5,4,0.0
ZBTB12,4,0.0
ZBTB20,4,0.0
ZBTB22,4,0.0
ZBTB32,4,0.0
ZBTB38,4,0.0
ZBTB8B,4,0.0
ZBTB9,4,0.0
ZC3H10,4,0.0
ZC3H12A,4,0.0
ZC3H13,4,0.0
ZC3HAV1L,4,0.0
ZCCHC12,4,0.0
ZDHHC22,4,0.0
ZDHHC5,4,0.0
ZDHHC6,4,0.0
ZDHHC9,4,0.34202802181243896
ZEB1,4,0.0
ZFAND6,4,2.4670934677124023
ZFC3H1,4,0.0
ZFHX3,4,0.0
ZFHX4,4,0.0
ZFP36L2,4,0.0
ZFP41,4,0.0
ZFYVE1,4,0.8574662804603577
ZFYVE19,4,0.0
ZGPAT,4,0.0
ZIC1,4,1.534955620765686
ZIC4,4,0.0
ZIM2,4,0.0
ZMAT1,4,0.0
ZMIZ1,4,0.0
ZMIZ2,4,0.0
ZMYND10,4,0.0
ZMYND11,4,0.0
ZNF12,4,0.0
ZNF121,4,0.0
ZNF141,4,0.0
ZNF142,4,0.0
ZNF146,4,0.0
ZNF148,4,0.0
ZNF189,4,0.0
ZNF19,4,0.0
ZNF192,4,0.0
ZNF213,4,0.0
ZNF217,4,0.0
ZNF22,4,0.0
ZNF225,4,0.0
ZNF236,4,0.0
ZNF252,4,0.0
ZNF256,4,1.4404230117797852
ZNF264,4,0.0
ZNF274,4,0.0
ZNF277,4,0.0
ZNF286B,4,0.0
ZNF311,4,0.0
ZNF317,4,0.0
ZNF32,4,0.0
ZNF323,4,0.0
ZNF331,4,0.0
ZNF350,4,9.354352951049805
ZNF384,4,0.0
ZNF389,4,0.0
ZNF391,4,0.0
ZNF395,4,0.0
ZNF397,4,0.0
ZNF407,4,0.0
ZNF438,4,0.0
ZNF444,4,0.0
ZNF454,4,0.0
ZNF507,4,0.0
ZNF511,4,0.0
ZNF514,4,0.0
ZNF528,4,0.0
ZNF529,4,0.0
ZNF532,4,0.0
ZNF543,4,0.0
ZNF566,4,0.0
ZNF57,4,21.85586929321289
ZNF570,4,0.0
ZNF585A,4,0.0
ZNF605,4,0.0
ZNF607,4,0.0
ZNF639,4,0.0
ZNF644,4,0.0
ZNF646,4,0.0
ZNF668,4,0.0
ZNF672,4,0.0
ZNF688,4,0.0
ZNF697,4,0.0
ZNF7,4,0.0
ZNF703,4,0.0
ZNF709,4,0.0
ZNF71,4,0.0
ZNF735,4,0.0
ZNF750,4,0.0
ZNF75D,4,0.0
ZNF774,4,0.0
ZNF830,4,0.0
ZNF879,4,3.7559151649475098
ZNRD1,4,0.0
ZSWIM3,4,0.0
ZXDC,4,0.0
ZZEF1,4,0.0
A1CF,5,0.0
A2BP1,5,0.0
A2LD1,5,0.0
AACS,5,0.0
AANAT,5,1.0353584289550781
AARSD1,5,0.0
AATK,5,6.590235233306885
ABCA5,5,3.483915328979492
ABCB1,5,0.0
ABCB9,5,0.8457221984863281
ABCC1,5,0.0
ABCD1,5,0.0
ABCF2,5,0.0
ABCG1,5,3.6555678844451904
ABCG2,5,0.0
ABLIM1,5,2.614238739013672
ABR,5,0.0
ACAA1,5,0.0
ACACA,5,0.0
ACAD10,5,0.0
ACAD8,5,5.151763439178467
ACADSB,5,8.315549850463867
ACD,5,0.0
ACOT4,5,0.0
ACOT7,5,0.2949773669242859
ACOT8,5,0.0
ACOX3,5,1.4555079936981201
ACRC,5,0.0
ACSF2,5,0.8659865856170654
ACSF3,5,0.0
ACSL1,5,0.0
ACTA2,5,0.0
ACVR1,5,5.30342960357666
ADAD1,5,0.0
ADAL,5,0.0
ADAM29,5,0.0
ADAM5P,5,0.0
ADAMTS17,5,0.0
ADAT3,5,0.0
ADC,5,0.0
ADCK5,5,0.0
ADCY8,5,0.0
ADD2,5,0.0
ADORA2A,5,0.7416778802871704
ADPRH,5,0.0
ADPRHL1,5,1.1505916118621826
ADRA2A,5,0.0
ADRA2C,5,0.0
AEN,5,0.0
AFAP1,5,0.0
AFF3,5,0.0
AGAP1,5,7.011427879333496
AGAP2,5,0.0
AGBL4,5,0.0
AGL,5,0.11920714378356934
AGPAT1,5,0.0
AGPAT3,5,0.0
AGPAT4,5,0.0
AGPAT9,5,0.0
AGXT,5,0.0
AHDC1,5,0.0
AHI1,5,5.844742774963379
AIDA,5,0.0
AIFM1,5,0.0
AKAP5,5,7.0558881759643555
AKD1,5,0.0
AKR1A1,5,0.0
AKR1E2,5,0.0
AKTIP,5,0.0
ALDH3A1,5,0.0
ALDH3B2,5,0.0
ALDOA,5,0.0
ALG11,5,0.0
ALG12,5,0.0
ALKBH3,5,0.0
ALLC,5,0.0
ALPK3,5,0.0
ALS2,5,0.9063382148742676
ALX4,5,0.0
AMMECR1,5,0.0
AMPD2,5,0.0
AMPD3,5,0.0
AMZ2,5,0.0
ANAPC11,5,0.0
ANG,5,0.0
ANGPT2,5,1.4687809944152832
ANK2,5,0.0
ANKMY1,5,0.0
ANKRD11,5,0.0
ANKRD26,5,0.0
ANKRD32,5,0.0
ANKRD34A,5,0.0
ANKRD45,5,0.0
ANKS1B,5,0.0
ANP32E,5,0.0
ANXA11,5,0.0
AOX1,5,0.0
AP1B1,5,0.0
AP3D1,5,0.0
AP4E1,5,15.572450637817383
AP4S1,5,0.0
APAF1,5,0.0
APBB1IP,5,0.0
APBB2,5,0.0
APC,5,0.0
AQP11,5,0.0
AR,5,0.0
ARFGAP1,5,5.867436408996582
ARFIP2,5,0.0
ARHGAP12,5,1.6122682094573975
ARHGAP29,5,0.0
ARHGEF10,5,1.350050926208496
ARHGEF10L,5,0.0
ARHGEF12,5,0.0
ARHGEF18,5,0.4739270508289337
ARHGEF3,5,0.0
ARL1,5,2.169909954071045
ARL2BP,5,0.0
ARL4A,5,0.0
ARL4C,5,0.0
ARL6,5,0.0
ARL6IP1,5,0.0
ARMC1,5,0.0
ARMC10,5,0.0
ARMC4,5,0.0
ARMCX2,5,0.0
ARRDC2,5,0.0
ARRDC3,5,0.0
ARSB,5,0.0
ART3,5,0.0
ARX,5,0.0
ASAM,5,0.0
ASB3,5,0.0
ASCL1,5,0.0
ASF1B,5,0.0
ASNS,5,0.0
ASPHD1,5,0.0
ATF6B,5,0.0
ATG4A,5,0.0
ATM,5,0.0
ATN1,5,0.0
ATOH8,5,0.0
ATP13A1,5,0.0
ATP1A4,5,0.0
ATP2B2,5,0.0
ATP2B4,5,0.0
ATP5C1,5,0.0
ATP5F1,5,0.0
ATP5G1,5,0.0
ATP6V0E2,5,3.3815643787384033
ATP6V1G2,5,0.0
ATP7B,5,0.0
ATXN1,5,0.0
AURKC,5,2.605396270751953
AVEN,5,0.0
B3GALNT1,5,0.0
B3GALT4,5,0.0
B3GNT2,5,0.0
BAD,5,0.0
BAI2,5,0.0
BANF1,5,0.38865357637405396
BANP,5,0.031088054180145264
BAT1,5,0.0
BAT2,5,0.0
BAT3,5,0.0
BAT4,5,0.0
BBC3,5,0.0
BBX,5,0.0
BCAP31,5,0.0
BCAR1,5,0.0
BCAT1,5,0.0
BCCIP,5,0.0
BCL2,5,0.0
BCL2L10,5,0.0
BCL2L11,5,0.0
BCL6,5,0.0
BCL7C,5,0.0
BCOR,5,0.0
BCORL1,5,0.00030159950256347656
BCS1L,5,0.0
BCYRN1,5,3.6863956451416016
BDKRB2,5,1.6384141445159912
BDNF,5,0.5712604522705078
BEGAIN,5,5.482558250427246
BEND5,5,0.0
BEND6,5,0.0
BHLHA9,5,0.0
BHLHE22,5,0.0
BIK,5,0.0
BLCAP,5,0.0
BLM,5,0.0
BLOC1S1,5,0.0
BLOC1S2,5,0.0
BMP8B,5,0.2809309959411621
BMS1P4,5,0.0
BNC1,5,5.969141483306885
BNIPL,5,0.0
BOLL,5,0.0
BPGM,5,1.7294026613235474
BPNT1,5,0.0
BRAF,5,0.0
BRAP,5,0.0
BRCA1,5,0.0
BRCC3,5,0.0
BRD2,5,0.0
BRD3,5,0.0
BRUNOL4,5,0.0
BSCL2,5,0.0
BTBD11,5,0.0
BTBD17,5,1.6025817394256592
BTBD3,5,0.0
BTG4,5,0.0
BYSL,5,0.0
BZW1,5,0.0
C10orf110,5,0.0
C10orf111,5,0.0
C10orf118,5,0.0
C10orf2,5,0.0
C10orf25,5,0.0
C10orf26,5,0.0
C10orf4,5,6.443569660186768
C10orf41,5,0.19709831476211548
C10orf58,5,0.0
C10orf96,5,0.0
C11orf1,5,0.0
C11orf10,5,0.0
C11orf20,5,0.0
C11orf21,5,0.0
C11orf36,5,0.0
C11orf45,5,0.0
C11orf54,5,0.0
C11orf57,5,0.0
C11orf92,5,0.0
C11orf93,5,0.0
C12orf34,5,0.0
C12orf4,5,0.0
C12orf49,5,0.0
C12orf75,5,0.0
C13orf18,5,0.0
C13orf23,5,0.0
C13orf36,5,0.0
C14orf159,5,0.0
C14orf167,5,0.0
C14orf21,5,0.0
C14orf43,5,0.0
C14orf86,5,3.5499725341796875
C15orf56,5,0.0
C16orf74,5,0.0
C17orf48,5,0.0
C17orf80,5,0.0
C17orf81,5,0.0
C18orf1,5,0.0
C18orf25,5,0.0
C19orf23,5,0.0
C19orf40,5,0.0
C19orf54,5,1.5164364576339722
C19orf56,5,0.0
C19orf61,5,0.0
C1GALT1,5,0.0
C1GALT1C1,5,0.0
C1QL1,5,0.0
C1orf103,5,0.0
C1orf114,5,0.0
C1orf127,5,0.0
C1orf159,5,0.0
C1orf182,5,7.474086761474609
C1orf183,5,0.0
C1orf187,5,0.0
C1orf21,5,0.0
C1orf210,5,0.0
C1orf56,5,0.4164368212223053
C1orf58,5,0.0
C1orf59,5,0.0
C1orf84,5,0.0
C1orf86,5,0.0
C1orf95,5,0.0
C20orf112,5,0.0
C20orf117,5,0.0
C20orf132,5,0.0
C20orf134,5,0.0
C20orf151,5,0.0
C20orf177,5,0.0
C20orf196,5,0.0
C20orf201,5,0.0
C20orf30,5,0.0
C20orf7,5,1.7251975536346436
C21orf29,5,0.0
C21orf49,5,0.0
C21orf59,5,0.0
C21orf66,5,0.0
C22orf36,5,0.0
C22orf9,5,0.0
C2CD4B,5,0.0
C2orf27A,5,0.7127259969711304
C2orf34,5,6.6892805099487305
C2orf56,5,0.0
C2orf63,5,0.5915780067443848
C2orf76,5,0.0
C2orf77,5,0.0
C2orf88,5,0.0
C3orf26,5,0.0
C3orf39,5,0.0
C3orf52,5,0.0
C3orf57,5,0.0
C3orf58,5,0.0
C3orf75,5,5.377610206604004
C4orf14,5,0.0
C4orf27,5,0.0
C5orf13,5,0.0
C5orf24,5,0.7131646275520325
C5orf28,5,0.0
C5orf36,5,0.0
C5orf37,5,0.0
C5orf44,5,0.0
C6orf115,5,0.0
C6orf134,5,0.0
C6orf136,5,0.0
C6orf15,5,0.0
C6orf176,5,0.0
C6orf182,5,0.0
C6orf211,5,0.0
C6orf217,5,4.656057834625244
C6orf48,5,0.0
C6orf52,5,0.0
C7orf30,5,0.0
C7orf42,5,4.138399600982666
C7orf44,5,0.0
C7orf50,5,0.0
C7orf58,5,0.0
C8orf39,5,0.0
C8orf41,5,0.0
C8orf77,5,0.05689406394958496
C9orf103,5,0.0
C9orf139,5,0.0
C9orf3,5,0.0
CA11,5,0.0
CA5BP,5,0.0
CA7,5,0.0
CABLES1,5,0.0
CACNA1G,5,0.0
CACNA2D3,5,0.0
CACNB2,5,0.4464728832244873
CAGE1,5,0.0
CALCA,5,0.0
CALHM2,5,0.0
CALM1,5,0.0
CALN1,5,0.0
CAMK2D,5,0.0
CAMKK2,5,0.0
CAMTA1,5,0.0
CAND2,5,0.0
CARD11,5,0.0
CARD14,5,0.0
CARHSP1,5,0.0
CARS,5,0.0
CASC3,5,0.0
CASR,5,0.0
CAST,5,0.0
CASZ1,5,29.122732162475586
CATSPERG,5,0.0
CAV1,5,0.8663455247879028
CBFA2T3,5,0.0
CBLC,5,0.0
CBLN2,5,0.0
CBLN3,5,0.0
CBX5,5,0.0
CC2D1B,5,6.675199508666992
CCDC104,5,0.0
CCDC106,5,0.0
CCDC112,5,0.5264963507652283
CCDC123,5,0.0
CCDC136,5,0.0
CCDC140,5,0.4566221237182617
CCDC142,5,0.0
CCDC149,5,0.0
CCDC23,5,0.0
CCDC7,5,0.0
CCDC90B,5,0.0
CCDC96,5,0.0
CCHCR1,5,0.0
CCM2,5,0.0
CCNA1,5,3.4659814834594727
CCNA2,5,0.0
CCND2,5,0.0
CCND3,5,0.0
CCNY,5,0.0
CCNYL1,5,0.0
CCT3,5,10.081573486328125
CCT6B,5,22.835567474365234
CD164L2,5,0.0
CD248,5,0.0
CD44,5,0.0
CD81,5,4.901243209838867
CD82,5,0.0
CD8A,5,0.0
CDC10L,5,0.0
CDC123,5,0.0
CDC2,5,0.0
CDC42EP4,5,0.0
CDC45L,5,0.0
CDCA3,5,0.0
CDGAP,5,0.0
CDH18,5,0.0
CDH23,5,0.0
CDH6,5,0.0
CDIPT,5,0.0
CDK1,5,0.0
CDK11B,5,1.436435341835022
CDK4,5,0.0
CDK5,5,0.0
CDK5RAP3,5,0.0
CDK6,5,0.0
CDK7,5,0.0
CDKN1C,5,0.0
CDKN2C,5,0.9609789848327637
CDS2,5,0.0
CEBPZ,5,0.0
CELSR3,5,0.0
CENPT,5,0.0
CENPV,5,0.0
CEP350,5,0.0
CEP68,5,0.0
CEP76,5,0.0
CETN2,5,0.0
CFL1,5,0.0
CFLAR,5,0.0
CHAD,5,0.0
CHFR,5,0.0
CHKB-CPT1B,5,0.0
CHMP2A,5,0.0
CHPF2,5,0.0
CHRM2,5,0.0
CHRM5,5,0.0
CHRNA2,5,0.0
CHRNA6,5,0.0
CHST1,5,0.0
CHST8,5,0.0
CIRBP,5,0.0
CISH,5,0.0
CITED2,5,0.0
CKAP5,5,0.0
CKLF,5,0.0
CLASP1,5,0.0
CLCN5,5,0.0
CLCN6,5,0.0
CLDN14,5,0.0
CLDN3,5,0.0
CLDN6,5,0.0
CLDN9,5,0.0
CLEC4C,5,0.0
CLIP1,5,0.0
CLSTN3,5,0.0
CLVS1,5,0.0
CMAH,5,0.0
CMBL,5,0.0
CMC1,5,0.0
CNIH4,5,0.0
CNOT2,5,0.0
CNPY1,5,0.0
CNTN4,5,0.0
CNTNAP2,5,0.0
CNTROB,5,0.0
COASY,5,0.0
COG5,5,0.0
COL11A2,5,0.0
COL12A1,5,0.0
COL23A1,5,0.5080140233039856
COL4A3BP,5,0.0
COL9A3,5,2.396505355834961
COLEC11,5,0.0
COMTD1,5,5.238073348999023
COPB1,5,0.0
COPG,5,0.0
COX18,5,0.0
CPE,5,0.0
CPEB1,5,0.0
CPLX2,5,0.0
CPNE4,5,0.0
CPSF4,5,0.0
CPT1B,5,0.0
CR1,5,0.0
CR1L,5,6.746023178100586
CREB5,5,0.0
CRISP2,5,0.20352554321289062
CRLS1,5,0.0
CRY2,5,0.0
CRYGB,5,0.0
CSGALNACT1,5,0.0
CSMD3,5,0.0
CSNK2B,5,0.0
CSPP1,5,0.0
CTBP1,5,0.0
CTBP2,5,0.0
CTPS2,5,0.0
CTRC,5,0.0
CTSB,5,0.0
CTSZ,5,0.0
CUGBP2,5,0.0
CUL1,5,0.8981081247329712
CUL4A,5,0.0
CUTA,5,0.0
CWF19L2,5,13.026487350463867
CXCL2,5,0.0
CXCR4,5,0.0
CXCR5,5,0.0
CXXC4,5,0.0
CXXC5,5,0.0
CXorf36,5,0.0
CXorf38,5,0.0
CXorf40B,5,0.0
CYB5D2,5,0.0
CYFIP1,5,0.0
CYGB,5,0.0
CYP1A1,5,0.0
CYP1B1,5,0.0
CYP26C1,5,0.0
CYorf15A,5,0.0
DAB1,5,0.0
DACH1,5,0.0
DAGLA,5,0.0
DALRD3,5,0.0
DAXX,5,0.0
DBI,5,0.0
DBN1,5,0.0
DBR1,5,0.0
DBX1,5,0.0
DCAF4,5,4.95900297164917
DCTN5,5,0.0
DDAH2,5,0.0
DDHD2,5,0.0
DDOST,5,0.0
DDR1,5,0.0
DDX17,5,0.0
DDX24,5,0.0
DDX6,5,0.0
DENND4B,5,0.0
DERA,5,0.0
DES,5,0.0
DGKZ,5,0.0
DHDDS,5,0.0
DHDH,5,0.09071952104568481
DHRS1,5,0.0
DHRS4,5,0.0
DHX16,5,0.0
DHX29,5,0.0
DHX30,5,0.0
DIAPH2,5,0.0
DIDO1,5,0.0
DIS3,5,0.0
DIS3L2,5,0.0
DKC1,5,0.0
DKFZp566F0947,5,0.0
DLG2,5,0.27643221616744995
DLG4,5,0.0
DLGAP2,5,0.0
DLGAP4,5,0.0
DLK1,5,1.3843728303909302
DLL1,5,0.0
DLL4,5,0.0
DLX1,5,0.0
DLX2,5,0.0
DLX4,5,0.0
DMD,5,0.0
DMRTB1,5,0.0
DNAH2,5,0.0
DNAH7,5,0.0
DNAJC17,5,0.0
DNAJC5,5,0.0
DNAL1,5,0.0
DNASE1L2,5,0.0
DNM1,5,0.0
DNM1L,5,0.0
DNM2,5,0.0
DOCK4,5,0.0
DOM3Z,5,0.0
DPAGT1,5,0.0
DPH1,5,0.0
DPH2,5,0.0
DPH5,5,0.0
DPY19L2,5,0.0
DRD2,5,0.0
DRD5,5,0.0
DSCAM,5,0.0025655627250671387
DSCC1,5,0.0
DSE,5,0.0
DST,5,0.0
DTNA,5,0.0
DTNBP1,5,0.0
DTX3L,5,0.0
DULLARD,5,0.0
DUS3L,5,5.257248878479004
DUS4L,5,0.0
DUSP1,5,0.0
DUSP10,5,0.0
DUSP4,5,0.0
DYNLL1,5,0.0
DZIP1,5,0.0
DZIP1L,5,0.0
DZIP3,5,0.0
EARS2,5,0.0
EBAG9,5,0.0
EBNA1BP2,5,0.0
ECE2,5,0.0
EDA,5,0.0
EDN1,5,0.0
EDNRA,5,0.0
EDNRB,5,0.0
EED,5,0.0
EEF2,5,0.0
EFCAB5,5,0.0
EFEMP1,5,0.0
EFNA4,5,0.0
EGLN3,5,0.4823119640350342
EHHADH,5,0.0
EHMT1,5,0.0
EHMT2,5,0.0
EI24,5,0.0
EID1,5,0.0
EIF1AD,5,0.0
EIF4A2,5,0.6879838109016418
EIF4E3,5,0.0
EIF4G2,5,0.0
EIF4G3,5,4.497356414794922
EIF5A2,5,0.0
EIF5B,5,0.23652386665344238
ELFN1,5,0.0
ELL,5,0.0
ELMO1,5,0.0
ELMO2,5,0.0
ELOVL5,5,0.0
ELOVL7,5,0.0
EMILIN1,5,0.0
EML4,5,0.0
EMP1,5,0.0
EMX2,5,0.0
EMX2OS,5,0.0
ENO1,5,0.0
ENTPD1,5,0.0
EPB41,5,0.0
EPB41L3,5,0.0
EPB49,5,0.0
EPHA10,5,0.0
EPHB6,5,0.0
EPM2AIP1,5,0.0
EPN1,5,0.0
EPPK1,5,0.0
ERBB2,5,0.0
ERH,5,0.0
ERICH1,5,0.0
ERLEC1,5,0.48251140117645264
ERLIN2,5,0.0
ERMAP,5,0.0
ERRFI1,5,0.0
ESF1,5,0.0
ESR1,5,0.2790864109992981
ESRRG,5,0.0
ESX1,5,0.0
ESYT3,5,0.0
ETAA1,5,1.7051259279251099
ETV1,5,1.9722356796264648
EVX1,5,0.0
EVX2,5,7.6012187004089355
EXOC2,5,0.8191079497337341
EXOC3L,5,0.0
EXTL2,5,0.0
EXTL3,5,0.5357087254524231
EYA2,5,0.0
FAH,5,0.0
FAIM,5,0.0
FAM104A,5,0.0
FAM109A,5,0.0
FAM110B,5,0.0
FAM115A,5,0.0
FAM118B,5,0.0
FAM120C,5,0.0
FAM122A,5,0.0
FAM122C,5,0.0
FAM128B,5,0.0
FAM13B,5,0.0
FAM172A,5,0.0
FAM176A,5,0.0
FAM181A,5,0.0
FAM190A,5,0.0
FAM192A,5,0.0
FAM20B,5,0.0
FAM24B,5,0.0
FAM35A,5,0.0
FAM3C,5,0.0
FAM49A,5,0.0
FAM54B,5,0.0
FAM55C,5,0.0
FAM5B,5,0.0
FAM63B,5,0.0
FAM65A,5,0.0
FAM65B,5,0.0
FAM82B,5,0.0
FAM83D,5,0.0
FAM84A,5,0.0
FAM96A,5,0.0
FANCM,5,0.0
FARP1,5,0.9242830276489258
FARSB,5,0.0
FAS,5,0.0
FASTKD5,5,0.0
FAT1,5,0.0
FAT4,5,0.0
FAU,5,0.0
FBLIM1,5,0.0
FBRSL1,5,0.0
FBXL13,5,0.0
FBXL19,5,1.5760146379470825
FBXL8,5,0.0
FBXO31,5,0.0
FBXO38,5,0.0
FBXO42,5,0.0
FBXO43,5,0.0
FBXO5,5,5.464780330657959
FBXO7,5,1.584449291229248
FDXACB1,5,0.0
FEM1A,5,0.0
FEN1,5,0.0
FGF12,5,0.0
FGF13,5,2.813364028930664
FGFRL1,5,0.0
FHIT,5,0.0
FHL1,5,0.0
FIG4,5,0.0
FIGNL2,5,2.58719539642334
FILIP1,5,0.0
FILIP1L,5,0.0
FKBP2,5,0.0
FKBP3,5,0.0
FKBP6,5,0.0
FKBPL,5,0.0
FLI1,5,0.0
FLJ10038,5,0.0
FLJ30058,5,0.0
FLJ33630,5,0.0
FLJ35220,5,0.0
FLJ44606,5,3.6668365001678467
FLJ45983,5,0.0
FLRT2,5,0.0
FN3KRP,5,0.0
FNDC3B,5,0.0
FNDC4,5,0.0
FOXB1,5,0.0
FOXO3,5,0.0
FOXP1,5,0.0
FRAT1,5,0.0
FREM2,5,0.0
FRMD6,5,0.0
FRS2,5,0.0
FRY,5,0.30276650190353394
FRYL,5,0.9339996576309204
FSTL5,5,0.0
FTO,5,0.0
FTSJ3,5,0.0
FUNDC2,5,0.0
FXC1,5,0.0
FXR2,5,0.0
FYB,5,0.20720958709716797
FYN,5,0.0
G6PC3,5,0.0
G6PD,5,0.0
GAB3,5,0.0
GABBR1,5,0.0
GABPB1,5,0.0
GABRA3,5,0.0
GABRA5,5,0.0
GALK2,5,0.0
GALNT9,5,0.0
GALR1,5,0.0
GARS,5,0.0
GAS5,5,0.0
GATA2,5,0.0
GATA3,5,0.0
GATA4,5,0.0
GBF1,5,0.0
GCKR,5,0.0
GCNT2,5,0.0
GCOM1,5,0.0
GDF2,5,0.0
GDF7,5,0.0
GFI1,5,0.0
GFM1,5,0.0
GFM2,5,1.927666187286377
GFOD1,5,0.9273297190666199
GFPT1,5,0.0
GGT1,5,0.0
GHSR,5,0.0
GJD2,5,0.0
GLI1,5,0.0
GLOD4,5,0.0
GLT25D1,5,0.0
GLUD1,5,0.0
GMEB1,5,0.0
GMPR2,5,0.0
GNAS,5,0.0
GNASAS,5,5.666277885437012
GNB1,5,0.0
GNG2,5,0.0
GNG4,5,0.0
GNG5,5,0.0
GNG7,5,0.4117140769958496
GNL1,5,0.0
GNL3L,5,0.0
GNMT,5,0.0
GNPDA1,5,0.0
GNRHR2,5,0.0
GOLGA3,5,0.6915701627731323
GOLSYN,5,0.0
GPATCH1,5,0.0
GPBP1,5,0.0
GPBP1L1,5,8.213859558105469
GPKOW,5,0.0
GPM6A,5,0.0
GPR12,5,0.0
GPR132,5,0.0
GPR135,5,0.0
GPR137,5,0.0
GPR137C,5,0.0
GPR158,5,0.0
GPR20,5,0.0
GPR55,5,0.0
GPR6,5,0.0
GPR63,5,0.0
GPSM3,5,0.0
GRAMD3,5,0.7195125222206116
GRAMD4,5,0.0
GRB10,5,0.0
GREB1,5,1.3371357917785645
GRIN2B,5,21.407072067260742
GRM3,5,0.0
GRN,5,0.0
GSDMA,5,0.0
GSDMB,5,0.9713027477264404
GSDMD,5,0.0
GSK3B,5,0.0
GSTCD,5,0.0
GSTM5,5,0.0
GSTO2,5,0.0
GSTZ1,5,0.0
GTDC1,5,0.0
GTF2H4,5,1.1363019943237305
GTPBP5,5,0.0
GUCY1A2,5,0.0
GUCY2E,5,0.0
GULP1,5,1.9496116638183594
H19,5,11.471565246582031
H1FNT,5,0.0
H2AFJ,5,0.5690617561340332
H2AFY,5,0.0
HAP1,5,0.0
HARBI1,5,0.0
HARS,5,0.0
HARS2,5,0.0
HAS3,5,0.0
HAUS5,5,0.0
HAUS8,5,0.0
HCCA2,5,0.0
HCG27,5,0.0
HDAC4,5,0.0
HDDC3,5,0.0
HDGFRP3,5,0.0
HDLBP,5,0.0
HEATR1,5,0.0
HEATR4,5,1.6674562692642212
HECW1,5,0.0
HERC3,5,0.0
HERC6,5,0.0
HGC6.3,5,0.0
HIGD1A,5,0.0
HIGD2A,5,0.0
HIPK1,5,0.0
HIST1H1C,5,0.0
HIST1H1E,5,0.0
HIST1H2AB,5,0.0
HIST1H2AG,5,0.0
HIST1H2AK,5,0.0
HIST1H2BJ,5,0.0
HIST1H2BN,5,0.0
HIST1H4J,5,2.311328887939453
HIST2H2BE,5,0.0
HIST3H2A,5,0.0
HIST3H2BB,5,0.0
HIVEP3,5,1.1199443340301514
HLA-E,5,0.0
HLA-G,5,0.0
HLTF,5,0.0
HMCN1,5,0.0
HMGXB4,5,0.0
HMOX2,5,0.0
HNRNPA1,5,0.0
HNRNPC,5,0.0
HNRNPF,5,0.0
HNRNPH3,5,0.0
HNRPA1L-2,5,0.0
HOPX,5,0.0
HOXA1,5,0.0
HOXA3,5,0.0
HOXA4,5,0.0
HOXA5,5,6.262966632843018
HOXB4,5,0.0
HOXB5,5,0.0
HOXC12,5,0.0
HOXC4,5,0.0
HOXC5,5,0.0
HOXC6,5,0.0
HPCAL1,5,0.0
HRASLS,5,0.18404646217823029
HRH1,5,0.0
HRH2,5,0.0
HRNBP3,5,0.0
HRNR,5,0.0
HS3ST3A1,5,0.0
HSD11B2,5,3.730046033859253
HSDL1,5,3.3939383029937744
HSPA13,5,0.0
HSPA1A,5,0.0
HSPA1B,5,0.0
HSPA1L,5,0.23845183849334717
HSPA2,5,0.0
HTR1E,5,0.0
HTR2A,5,0.0
HTR2C,5,0.0
HUWE1,5,0.0
HYOU1,5,0.0
ICAM3,5,0.0
ID2,5,0.0
IDI2,5,0.0
IER3IP1,5,0.4380861818790436
IFI27L1,5,0.0
IFITM1,5,0.0
IFITM5,5,0.0
IFT88,5,0.0
IGF2,5,0.0
IGF2AS,5,0.0
IGF2R,5,0.0
IGFBP3,5,0.0
IGSF11,5,0.0
IKBIP,5,0.0
IKBKG,5,0.0
IKZF5,5,0.0
IL17RA,5,0.9141951203346252
IL1RAPL2,5,0.0
IL1RN,5,2.980426788330078
INCA1,5,0.23670446872711182
INF2,5,0.0
ING1,5,0.31006935238838196
INPP5D,5,0.0
INS-IGF2,5,0.0
INSC,5,0.0
INTS12,5,0.0
INTS6,5,0.5978059768676758
IP6K2,5,17.500398635864258
IPO7,5,0.0
IQCC,5,0.0
IQSEC1,5,0.0
IQSEC3,5,0.0
IRF1,5,0.0
IRF2,5,0.0
IRF5,5,0.0
IRX5,5,0.0
ISCA2,5,0.2772945761680603
ISM1,5,0.0
ITFG3,5,0.0
ITGA8,5,0.0
ITPR2,5,0.0
ITPRIPL1,5,0.0
IZUMO1,5,0.0
JAKMIP1,5,0.0
JMJD1C,5,0.0
JMJD4,5,0.25453418493270874
JUB,5,0.0
KANK2,5,0.0
KATNAL1,5,0.0
KAZALD1,5,0.0
KCNA3,5,0.0
KCNA5,5,0.0
KCNA7,5,0.0
KCNAB1,5,5.076570510864258
KCNB2,5,0.0
KCNG1,5,0.0
KCNH3,5,0.0
KCNIP4,5,0.0
KCNJ16,5,0.0
KCNJ5,5,0.0
KCNK10,5,0.0
KCNMB3,5,0.0
KCNQ1,5,0.0
KCNQ1DN,5,0.0
KCNQ1OT1,5,0.0
KCNS3,5,0.0
KCNV2,5,0.0
KCTD1,5,0.0
KCTD8,5,0.0
KDM1A,5,0.0
KDM1B,5,0.0
KDM2B,5,0.0
KDM4C,5,0.0
KDM6B,5,0.13970020413398743
KHK,5,0.0
KHNYN,5,0.0
KIAA0090,5,0.0
KIAA0100,5,0.0
KIAA0182,5,0.0
KIAA0226,5,0.0
KIAA0513,5,0.3188214898109436
KIAA0586,5,0.0
KIAA0652,5,1.1985692977905273
KIAA0753,5,0.0
KIAA0892,5,0.0
KIAA0895,5,0.0
KIAA1026,5,0.0
KIAA1199,5,0.0
KIAA1217,5,0.0
KIAA1244,5,0.0
KIAA1524,5,0.0
KIAA1530,5,0.0
KIAA1609,5,0.0
KIAA1704,5,0.0
KIAA1949,5,0.0
KIAA2013,5,0.0
KIF12,5,0.0
KIF18A,5,1.2932146787643433
KIF1B,5,0.0
KIFC1,5,0.18597346544265747
KILLIN,5,0.0
KIN,5,0.0
KLC2,5,0.0
KLF12,5,0.2448316216468811
KLF14,5,0.0
KLF6,5,0.0
KLHL13,5,0.0
KLHL14,5,0.0
KLHL23,5,0.0
KLHL25,5,0.0
KLHL29,5,0.0
KLHL30,5,0.0
KLHL5,5,0.0
KLHL7,5,0.0
KLK10,5,0.0
KLRAQ1,5,0.0
KRTAP22-1,5,0.0
KSR1,5,0.0
L3MBTL,5,0.0
L3MBTL4,5,0.0
LAIR2,5,1.9866838455200195
LATS1,5,0.0
LCLAT1,5,3.438445806503296
LCMT2,5,0.0
LCP2,5,0.0
LDHAL6B,5,0.0
LDOC1,5,0.0
LEMD3,5,0.0
LEP,5,0.0
LFNG,5,0.0
LHFPL2,5,0.0
LHX9,5,0.0
LIFR,5,1.9536104202270508
LIG4,5,0.0
LIMA1,5,0.0
LIME1,5,0.0
LIMS2,5,0.0
LINGO3,5,0.0
LMBRD2,5,0.0
LMO3,5,0.0
LNP1,5,0.0
LOC100128003,5,0.0
LOC100128164,5,0.0
LOC100128288,5,0.0
LOC100128811,5,0.0
LOC100128977,5,0.0
LOC100129387,5,0.0
LOC100129716,5,0.0
LOC100129726,5,0.0
LOC100130776,5,0.0
LOC100130872,5,4.639671325683594
LOC100130872-SPON2,5,0.0
LOC100130933,5,0.0
LOC100130987,5,0.0
LOC100131691,5,0.0
LOC100133315,5,0.0
LOC100134713,5,0.0
LOC100192378,5,0.0
LOC100192379,5,0.0
LOC100272228,5,0.0
LOC100294362,5,0.0
LOC100302401,5,0.3263660669326782
LOC100302652,5,0.0
LOC100303728,5,0.0
LOC200726,5,0.0
LOC220930,5,0.0
LOC388588,5,0.0
LOC399959,5,0.0
LOC401052,5,0.0
LOC401097,5,0.0
LOC401431,5,8.829442977905273
LOC404266,5,0.0
LOC440356,5,0.0
LOC440839,5,0.0
LOC440925,5,0.0
LOC441177,5,0.0
LOC641518,5,0.0
LOC642502,5,0.3103308379650116
LOC645166,5,0.0
LOC648691,5,0.0
LOC654433,5,0.0
LOC728264,5,0.0
LOC728661,5,0.0
LOC729991,5,0.0
LOC729991-MEF2B,5,0.0
LOC84989,5,0.06960892677307129
LONRF3,5,0.0
LPP,5,0.0
LPPR1,5,0.0
LRBA,5,0.0
LRFN2,5,0.0
LRFN4,5,0.0
LRRC2,5,0.0
LRRC29,5,0.29255345463752747
LRRC33,5,0.0
LRRC40,5,0.0
LRRC43,5,0.0
LRRC49,5,0.5564330220222473
LRRC4B,5,0.0
LRRC56,5,0.0
LRRC8D,5,0.0
LSG1,5,0.0
LSM5,5,0.0
LSP1,5,0.0
LSS,5,4.3468146324157715
LTA,5,0.0
LTBP4,5,0.0
LUC7L2,5,0.0
LXN,5,0.0
LY6D,5,2.0261735916137695
LY6G5C,5,0.0
LYSMD2,5,0.0
LZIC,5,0.0
MAB21L2,5,0.0
MACF1,5,0.0
MACROD1,5,0.0
MACROD2,5,0.0
MAD2L2,5,0.0
MADD,5,0.0
MAFG,5,0.0
MAFK,5,0.0
MAGED2,5,0.0
MAGI2,5,0.0
MAN2B1,5,0.0
MANBA,5,0.0
MAP1LC3B,5,0.0
MAP2K3,5,0.0
MAP3K1,5,0.021522998809814453
MAP3K13,5,0.0
MAP3K8,5,0.0
MAP6,5,0.0
MAP7,5,7.5145416259765625
MAPK10,5,0.0
MAPK4,5,0.0
MAPK7,5,0.0
MAPRE2,5,0.0
MAPT,5,0.0
MARCH1,5,0.0
MARCH3,5,0.0
MARCH8,5,0.0
MARK2,5,0.0
MAS1L,5,0.0
MASTL,5,0.1572042852640152
MBNL1,5,0.0
MBNL2,5,0.0
MBOAT7,5,0.0
MBP,5,0.0
MBTD1,5,0.0
MBTPS2,5,0.0
MCAM,5,0.0
MCC,5,0.0
MCF2L2,5,0.0
MCM10,5,0.0
MCM7,5,0.0
MCM8,5,0.0
MCPH1,5,1.146052360534668
MDC1,5,0.0
MDGA1,5,0.5399152040481567
MDN1,5,0.0
ME2,5,0.0
MECOM,5,0.0
MED10,5,17.913848876953125
MED20,5,0.0
MED24,5,0.0
MED29,5,0.0
MED8,5,0.0
MEF2D,5,0.0
MEG8,5,0.0
MEGF8,5,0.0
MEST,5,0.0
MESTIT1,5,0.0
METT5D1,5,0.0
METTL13,5,0.0
METTL9,5,0.0
MEX3D,5,0.5208597183227539
MFSD11,5,0.0
MGAT1,5,0.0
MGC16121,5,0.0
MGC16275,5,0.0
MICAL3,5,0.0
MID1,5,0.0
MIPEP,5,25.662532806396484
MIR1207,5,0.0
MIR1224,5,5.471122741699219
MIR1256,5,0.0
MIR127,5,0.0
MIR1286,5,10.269617080688477
MIR1470,5,0.9726126790046692
MIR191,5,0.0
MIR199A1,5,0.0
MIR2110,5,0.0
MIR33B,5,0.0
MIR34C,5,0.0
MIR372,5,0.0
MIR376A1,5,0.0
MIR376B,5,1.8877248764038086
MIR425,5,0.0
MIR503,5,0.0
MIR548G,5,0.0
MIR654,5,0.0
MITF,5,0.0
MKNK1,5,0.0
MKX,5,0.0
MLH1,5,0.0
MLLT6,5,0.0
MMP15,5,0.0
MOGS,5,0.0
MON2,5,0.0
MORG1,5,0.0
MOSPD1,5,0.0
MOXD1,5,0.0
MPHOSPH8,5,0.0
MPP5,5,0.0
MPPED1,5,1.8410145044326782
MPV17L2,5,0.0
MRAS,5,0.0
MRGPRF,5,0.0
MRGPRG,5,0.0
MRGPRX1,5,0.0
MRPL2,5,0.0
MRPL33,5,0.0
MRPL43,5,0.0
MRPL49,5,0.0
MRPL50,5,0.0
MRPS18B,5,0.0
MRPS9,5,0.0
MRTO4,5,0.0
MSH5,5,0.0
MSH6,5,0.0
MSI2,5,0.0
MST1,5,0.0
MSX1,5,0.0
MT1A,5,0.0
MTCP1,5,0.0
MTCP1NB,5,0.0
MTERF,5,3.8028194904327393
MTERFD3,5,0.0
MTHFD1,5,0.0
MTHFR,5,0.0
MTIF3,5,0.0
MTO1,5,0.0
MTOR,5,0.0
MTUS1,5,0.0
MUL1,5,0.0
MUM1,5,0.0
MUTYH,5,0.0
MX1,5,0.0
MXD1,5,0.0
MYADM,5,0.0
MYADML2,5,4.896583557128906
MYC,5,0.0
MYD88,5,0.0
MYEOV2,5,0.0
MYH6,5,0.0
MYH7,5,0.0
MYL6B,5,0.0
MYL7,5,0.0
MYLK2,5,0.0
MYO19,5,0.0
MYO1E,5,0.0
MYO9A,5,0.0
MYO9B,5,0.0
MYOCD,5,0.0
MYOD1,5,0.0
MYOM2,5,0.4042595326900482
MYT1,5,0.0
MYT1L,5,0.0
NACA,5,0.0
NANOS2,5,0.0
NAP1L4,5,0.0
NAT15,5,0.0
NBAS,5,0.4919060468673706
NBR2,5,0.0
NCALD,5,0.0
NCAPD2,5,0.0
NCK1,5,0.0
NCOA2,5,0.0
NCOA4,5,0.0
NCOR2,5,0.0
NCRNA00171,5,0.0
NDRG2,5,0.5519319772720337
NDRG4,5,0.0
NDUFA3,5,0.0
NDUFA4L2,5,0.0
NDUFAB1,5,0.0
NDUFAF3,5,0.0
NDUFB11,5,0.0
NDUFB2,5,0.0
NDUFS4,5,0.0
NECAB3,5,0.0
NEDD4L,5,0.0
NEDD8,5,0.0
NEDD9,5,0.0
NEFM,5,0.0
NEK7,5,0.0
NEU1,5,0.0
NEU4,5,0.9570150375366211
NEURL,5,0.2883110046386719
NEUROG1,5,0.0
NFASC,5,0.0
NFATC1,5,0.0
NFIA,5,1.6561799049377441
NFIB,5,0.0
NFIC,5,0.473050981760025
NFKB2,5,0.0
NFKBIL1,5,0.0
NFKBIZ,5,0.0
NFU1,5,0.0
NFYA,5,0.0
NHLRC3,5,0.0
NHP2,5,0.0
NHS,5,0.29110753536224365
NIPA1,5,0.0
NKAIN3,5,3.1324503421783447
NKIRAS2,5,0.0
NKRF,5,0.0
NKX6-2,5,0.0
NLE1,5,0.0
NLRC4,5,0.0
NLRC5,5,0.0
NMB,5,0.0
NMBR,5,0.0
NMNAT1,5,0.0
NMNAT2,5,0.0
NNAT,5,0.0
NOL7,5,0.0
NOP16,5,0.0
NOP56,5,0.0
NOP58,5,0.0
NOTCH4,5,0.0
NOX3,5,0.0
NPAS2,5,0.0
NPAT,5,0.0
NPC2,5,0.0
NPM1,5,0.0
NPPC,5,0.0
NPR3,5,0.0
NPY2R,5,0.0
NR1D1,5,0.0
NR2F2,5,0.0
NR3C1,5,0.0
NR4A3,5,0.0
NRBF2,5,0.0
NRXN2,5,0.0
NSA2,5,0.0
NSD1,5,0.0
NSDHL,5,0.0
NT5C2,5,11.78113079071045
NT5C3,5,0.0
NT5DC1,5,0.0
NT5DC2,5,0.0
NTF3,5,0.0
NTM,5,0.0
NTRK1,5,0.0
NUDT10,5,0.0
NUDT5,5,0.0
NUDT6,5,0.0
NUFIP1,5,0.27752232551574707
NUP43,5,0.0
NUP50,5,0.0
NUP88,5,0.0
NUP98,5,0.0
OAZ3,5,0.0
OBFC2B,5,5.499549388885498
OCA2,5,3.1147847175598145
OCIAD1,5,0.0
OCRL,5,0.0
ODZ4,5,0.0
OGDHL,5,0.0
OGFOD2,5,0.0
OGT,5,0.0
OLIG1,5,0.015811920166015625
ONECUT2,5,0.0
OPRL1,5,0.0
OPTN,5,0.0
OR10Q1,5,0.0
OR2L13,5,0.0
OR5M10,5,0.0
OR8S1,5,0.0
OR8U8,5,0.0
ORC1L,5,0.0
ORC6L,5,0.9877914190292358
ORMDL3,5,4.36688756942749
OSBPL1A,5,0.0
OSBPL3,5,0.0
OSBPL5,5,0.0
OSBPL8,5,0.0
OSBPL9,5,0.0
OSGIN2,5,0.0
OTUB1,5,0.0
OTUD5,5,10.553609848022461
OTX1,5,0.0
OXGR1,5,0.0
P2RY2,5,0.0
P4HA1,5,0.0
P4HTM,5,0.0
PACSIN1,5,0.0
PAF1,5,0.0
PAFAH2,5,0.0
PAK1IP1,5,0.0
PAK3,5,0.0
PAK4,5,2.2375729084014893
PAK6,5,0.0
PALB2,5,0.0
PANK1,5,0.0
PAOX,5,0.0
PAPOLB,5,0.0
PAQR8,5,0.0
PARD6A,5,0.0
PARP9,5,0.0
PASK,5,0.0
PAX2,5,0.0
PAX3,5,0.0
PAX8,5,0.0
PAX9,5,0.0
PBK,5,0.0
PBLD,5,0.0
PBX2,5,0.0
PC,5,0.0
PCDH11X,5,0.0
PCDH8,5,0.0
PCDHA1,5,0.0
PCDHA10,5,0.0
PCDHA11,5,0.0
PCDHA12,5,0.0
PCDHA13,5,0.0
PCDHA2,5,0.0
PCDHA3,5,0.0
PCDHA4,5,0.0
PCDHA5,5,0.0
PCDHA6,5,0.0
PCDHA7,5,3.9622650146484375
PCDHA8,5,0.0
PCDHA9,5,0.0
PCDHAC1,5,0.0
PCDHB16,5,0.0
PCDHB2,5,0.0
PCDHGA1,5,0.0
PCDHGA10,5,0.0
PCDHGA11,5,0.0
PCDHGA12,5,0.0
PCDHGA2,5,0.0
PCDHGA3,5,0.0
PCDHGA4,5,0.0
PCDHGA5,5,0.35963189601898193
PCDHGA6,5,0.0
PCDHGA7,5,0.0
PCDHGA8,5,0.1301695853471756
PCDHGA9,5,0.0
PCDHGB1,5,0.0
PCDHGB2,5,0.0
PCDHGB3,5,0.0
PCDHGB4,5,0.0
PCDHGB5,5,0.0
PCDHGB6,5,0.0
PCDHGB7,5,0.0
PCDHGC3,5,0.0
PCGF3,5,0.0
PCIF1,5,0.0
PCLO,5,0.0
PCNA,5,0.0
PCOTH,5,0.0
PCYT1A,5,0.0
PDCD11,5,0.0
PDCD7,5,0.13183128833770752
PDE10A,5,0.0
PDE11A,5,0.0
PDE2A,5,0.0
PDE4B,5,0.0
PDE4D,5,0.0
PDE5A,5,0.0
PDE6B,5,0.0
PDE9A,5,0.0
PDGFC,5,0.0
PDGFD,5,0.0
PDIA5,5,4.8774590492248535
PDIK1L,5,0.0
PDP1,5,0.0
PDS5B,5,0.0
PEG10,5,0.0
PEG3,5,0.0
PEMT,5,0.0
PEX11A,5,0.0
PEX11B,5,0.0
PEX5,5,0.0
PFDN6,5,0.0
PFKFB3,5,0.0
PFKM,5,0.0
PGAP2,5,0.0
PGM3,5,0.0
PHF1,5,0.0
PHLDA2,5,0.0
PHLDB1,5,0.0
PHLDB2,5,19.258113861083984
PHOSPHO2,5,0.0
PHTF2,5,0.0
PI4KA,5,0.0
PIBF1,5,0.0
PICK1,5,0.0
PIGV,5,1.3237667083740234
PIGW,5,0.0
PIH1D2,5,0.0
PIK3CD,5,0.0
PILRB,5,0.0
PINX1,5,0.0
PIP5K1B,5,0.0
PITPNC1,5,0.0
PITX2,5,0.0
PIWIL2,5,0.0
PKDREJ,5,0.0
PKHD1L1,5,0.0
PKIB,5,1.344273328781128
PKN1,5,0.0
PKNOX2,5,0.0
PLAC8,5,0.0
PLAGL1,5,0.0
PLCB2,5,0.0
PLEC1,5,0.0
PLEKHA5,5,1.2098551988601685
PLEKHA6,5,0.0
PLEKHB2,5,0.0
PLEKHF2,5,0.0
PLEKHG5,5,0.0
PLEKHH2,5,0.0
PLEKHJ1,5,0.0
PLEKHO2,5,0.0
PLXDC2,5,0.0
PMEPA1,5,0.0
PMP22,5,0.0
PMS2L1,5,0.0
PNKD,5,0.0
PNPLA1,5,0.0
PNPLA2,5,0.0
PNPLA6,5,0.0
POLDIP2,5,0.31672438979148865
POLG,5,0.0
POLH,5,0.0
POLK,5,0.0
POLR2B,5,0.0
POLR2L,5,0.0
POMGNT1,5,0.0
PON3,5,0.0
POU2F1,5,0.0
POU2F2,5,0.0
POU3F1,5,0.0
POU5F1B,5,0.0
PPAP2C,5,0.0
PPID,5,1.432382583618164
PPM1G,5,0.0
PPM1H,5,0.0
PPM1K,5,0.0
PPP1R10,5,0.6568843722343445
PPP1R3D,5,0.0
PPP1R8,5,0.0
PPP2CB,5,0.0
PPP2R2B,5,0.0
PPP2R2D,5,0.0
PPT2,5,0.0
PRAME,5,0.0
PRCD,5,0.0
PRDM2,5,0.0
PRDM8,5,8.489412307739258
PRDX6,5,0.0
PREPL,5,3.431065082550049
PRH1,5,0.0
PRIC285,5,0.0
PRKAG2,5,0.0
PRKAR2A,5,0.0
PRKCA,5,0.0
PRKCE,5,0.0
PRKCZ,5,0.0
PRKD2,5,0.0
PRLR,5,0.0
PRMT7,5,0.0
PROM1,5,0.0
PRPF31,5,0.0
PRPF38A,5,0.0
PRR11,5,0.0
PRR15,5,0.0
PRR23A,5,0.0
PRR3,5,0.0
PRR4,5,0.0
PRR5,5,0.0
PRR5-ARHGAP8,5,0.0
PRR5L,5,0.0
PRRT1,5,0.0
PRSS35,5,0.0
PRSS8,5,0.0
PSCA,5,0.0
PSMA1,5,0.0
PSMB10,5,0.0
PSMB11,5,0.0
PSMB3,5,0.0
PSMB9,5,0.0
PSMC5,5,0.0
PSMD1,5,0.0
PSMD10,5,0.0
PSME2,5,1.069920539855957
PSMG2,5,0.0
PSORS1C1,5,0.0
PSRC1,5,0.0
PTCD1,5,0.0
PTCH1,5,0.0
PTEN,5,0.0
PTGER4,5,0.0
PTK2B,5,0.0
PTN,5,7.527214050292969
PTPN21,5,0.0
PTPRE,5,0.0
PTPRG,5,0.0
PTPRO,5,0.0
PTPRR,5,0.0
PTPRS,5,0.0
PTRH2,5,0.0
PURG,5,0.0
PVRL4,5,0.0
PVT1,5,0.0
PXMP3,5,0.0
PXN,5,0.0
PYGO1,5,0.0
PYY,5,0.0
RAB11FIP3,5,0.0
RAB1B,5,0.0
RAB30,5,0.0
RAB3IP,5,0.0
RAB43,5,0.0
RAB4A,5,0.0
RAB5A,5,0.0
RAB7A,5,0.0
RABEP2,5,0.0
RABGEF1,5,0.0
RACGAP1,5,0.0
RAD21,5,0.0
RAD51,5,0.0
RAD51AP1,5,0.0
RAD51C,5,0.0
RAD9B,5,0.0
RADIL,5,0.0
RAI1,5,0.0
RAI14,5,0.0
RALB,5,0.0
RANGAP1,5,0.0
RANGRF,5,0.0
RAP1A,5,0.0
RAP2B,5,0.0
RAPGEF5,5,0.0
RARG,5,0.6180152893066406
RASAL2,5,0.0
RASGEF1A,5,0.0
RASGEF1B,5,0.0
RASGRF1,5,0.0
RASSF1,5,0.0
RASSF2,5,0.0
RASSF5,5,0.0
RB1,5,0.0
RBM10,5,0.0
RBM12B,5,0.0
RBM15,5,0.0
RBM44,5,7.32229471206665
RBP5,5,0.0
RBPJ,5,0.0
RCC1,5,0.0
RCC2,5,0.0
RCCD1,5,0.0
RDBP,5,0.0
RECQL5,5,0.0
RFPL2,5,0.04620593786239624
RFX2,5,0.0
RFX7,5,0.0
RFX8,5,0.0
RFXANK,5,0.0
RGAG1,5,0.0
RGMA,5,0.0
RGS3,5,0.0
RHEB,5,0.0
RHOA,5,0.0
RHOBTB1,5,0.0
RIOK1,5,0.0
RLBP1,5,0.0
RMND1,5,0.0
RNASE4,5,0.0
RNF111,5,0.0
RNF114,5,1.3692023754119873
RNF121,5,0.0
RNF123,5,0.0
RNF139,5,1.0039129257202148
RNF150,5,0.0
RNF215,5,1.5458508729934692
RNF220,5,0.0
RNF25,5,0.0
RNF31,5,0.0
RNF34,5,0.0
RNF39,5,0.0
RNF4,5,0.0
RNF5P1,5,0.0
RNFT2,5,0.0
RNMTL1,5,0.0
RNPC3,5,0.0
RNPEP,5,7.089188575744629
RNPS1,5,0.0
ROBO1,5,0.301906943321228
ROBO2,5,0.0
RP9P,5,0.0
RPAIN,5,0.0
RPF2,5,0.0
RPGRIP1L,5,0.0
RPL10,5,2.692354440689087
RPL13A,5,0.0
RPL13AP5,5,0.0
RPL29P2,5,0.0
RPN2,5,0.0
RPP30,5,0.0
RPP38,5,0.0
RPS12,5,0.0
RPS14,5,0.0
RPS15A,5,0.42938101291656494
RPS18,5,0.0
RPS19,5,0.0
RPS26,5,0.0
RPS27A,5,0.0
RPS6KA5,5,0.0
RPSA,5,0.0
RREB1,5,0.0
RRS1,5,0.0
RSBN1,5,0.0
RSU1,5,0.0
RTBDN,5,0.0
RTL1,5,0.0
RTN2,5,0.0
RTN4,5,0.0
RTN4R,5,0.0
RUNDC1,5,0.0
RUNX2,5,0.0
RUNX3,5,0.0
RWDD1,5,0.0
RWDD2A,5,0.0
RXRB,5,0.0
SACS,5,0.0
SALL1,5,0.0
SAMD14,5,0.0
SAMD5,5,0.0
SBF2,5,0.0
SBK1,5,0.0
SC4MOL,5,0.0
SCAMP3,5,0.0
SCAMP4,5,0.0
SCAND3,5,0.0
SCCPDH,5,0.0
SCIN,5,0.0
SCMH1,5,24.984878540039062
SCML1,5,0.0
SCN3B,5,0.0
SCNN1G,5,0.0
SCO1,5,0.0
SCO2,5,0.0
SCOC,5,0.9121789932250977
SCRIB,5,0.0
SCRN1,5,0.0
SCRN2,5,0.0
SDF2,5,1.2931647300720215
SDF4,5,1.049574375152588
SDHC,5,0.0
SDHD,5,0.0
SDR42E1,5,0.0
SEC1,5,0.0
SEC13,5,0.0
SEC62,5,0.0
SELO,5,0.0
SELV,5,0.0
SEMA5A,5,0.0
SEMA6C,5,0.0
SEMA6D,5,0.0
SENP1,5,0.0
SENP8,5,0.0
SEPHS1,5,0.0
SEPHS2,5,0.0
SEPT2,5,0.0
SEPT9,5,0.0
SERPINA1,5,1.5837478637695312
SERPINC1,5,0.0
SERPINE2,5,0.0
SERPING1,5,0.0
SERTAD3,5,0.0
SETD4,5,0.0
SF4,5,0.0
SFMBT1,5,0.0
SFN,5,0.0
SFRP1,5,0.0
SFRP2,5,0.0
SFRS11,5,0.0
SFRS2,5,0.0
SFRS9,5,0.0
SFTPC,5,0.0
SGCE,5,0.0
SGMS1,5,0.0
SGTA,5,0.0
SH2B1,5,0.0
SH3BP2,5,0.0
SH3BP4,5,0.0
SHANK2,5,0.0
SHBG,5,0.0
SHC1,5,0.0
SHC4,5,0.0
SHOC2,5,0.0
SIM1,5,0.0
SIN3A,5,0.6481972932815552
SIPA1L3,5,0.0
SKA2,5,3.811441659927368
SKIV2L,5,0.0
SKIV2L2,5,0.0
SLA2,5,0.0
SLAIN1,5,0.0
SLC10A7,5,0.0
SLC11A1,5,4.748767852783203
SLC12A2,5,0.0
SLC12A4,5,0.0
SLC12A6,5,0.0
SLC12A9,5,0.0
SLC13A4,5,0.0
SLC16A3,5,0.0
SLC20A2,5,0.0
SLC22A18,5,0.0
SLC22A18AS,5,0.0
SLC22A2,5,0.0
SLC22A23,5,0.0
SLC24A6,5,0.0
SLC25A3,5,0.0
SLC25A35,5,0.0
SLC25A44,5,0.0
SLC25A5,5,0.0
SLC26A5,5,0.0
SLC27A3,5,0.0
SLC29A1,5,0.0
SLC2A4,5,0.4672805666923523
SLC35A3,5,0.0
SLC35B3,5,0.0
SLC35C1,5,0.0
SLC39A1,5,0.0
SLC39A10,5,0.0
SLC39A14,5,0.0
SLC39A7,5,0.0
SLC39A9,5,3.1469764709472656
SLC3A2,5,0.813532829284668
SLC43A1,5,0.0
SLC44A4,5,0.0
SLC45A3,5,0.0
SLC4A2,5,0.0
SLC5A4,5,0.5852516889572144
SLC5A8,5,0.0
SLC6A16,5,0.0
SLC6A2,5,0.0
SLC7A6OS,5,0.0
SLC9A8,5,0.0
SLCO2A1,5,0.0
SLCO4C1,5,0.0
SLFN11,5,0.0
SLITRK1,5,0.0
SLITRK3,5,0.0
SLITRK4,5,0.0
SLU7,5,0.0
SMARCAL1,5,0.0
SMARCD1,5,0.0
SMARCD2,5,0.0
SMARCD3,5,0.0
SMPD4,5,0.0
SMTN,5,4.1578803062438965
SNAP47,5,0.0
SNAPC4,5,2.4570627212524414
SNCAIP,5,0.0
SND1,5,0.0
SNHG12,5,0.0
SNHG3-RCC1,5,0.0
SNHG5,5,0.0
SNORA61,5,0.0
SNORD115-15,5,0.0
SNORD115-21,5,0.0
SNORD125,5,0.0
SNORD2,5,0.0
SNORD50A,5,0.0
SNORD84,5,0.0
SNRK,5,0.0
SNRPA,5,0.0
SNTG1,5,0.0
SNX5,5,0.0
SOCS2,5,0.0
SOCS3,5,0.0
SOD3,5,0.0
SOLH,5,0.0
SORBS2,5,0.0
SOX2,5,1.6277093887329102
SOX2OT,5,0.0
SOX4,5,0.0
SOX5,5,0.0
SP5,5,0.0
SP6,5,0.0
SPATA1,5,0.0
SPATA13,5,0.0
SPATA4,5,1.1201485395431519
SPATA5,5,2.3060998916625977
SPATS2,5,0.0
SPATS2L,5,0.0
SPINT1,5,0.0
SPON2,5,0.0
SPRY1,5,0.0
SPSB1,5,0.0
SPSB4,5,0.0
SPTBN1,5,0.0
SPTBN4,5,0.0
SREBF1,5,0.0
SRGAP3,5,0.0
SRP19,5,15.677555084228516
SS18L1,5,0.0
SSH1,5,5.9459428787231445
SSH2,5,0.0
SSR3,5,0.0
SSTR2,5,0.0
ST18,5,0.0
ST3GAL1,5,0.0
ST3GAL4,5,0.0
ST5,5,1.8772597312927246
ST6GAL2,5,0.0
STARD13,5,0.0
STARD7,5,0.0
STAT1,5,0.0
STAT4,5,19.03660774230957
STC2,5,0.0
STK19,5,0.0
STK31,5,0.0
STK32A,5,0.0
STK32C,5,0.3785611391067505
STK36,5,0.0
STMN1,5,0.0
STON1-GTF2A1L,5,14.69005012512207
STOX2,5,0.0
STRA6,5,0.0
STRADB,5,0.0
STRN3,5,0.0
SUFU,5,0.0
SUPT16H,5,0.0
SUPT6H,5,0.0
SUPV3L1,5,0.0
SVIL,5,0.0
SYN1,5,0.11170753836631775
SYNE1,5,0.0
SYT1,5,0.0
SYT2,5,0.0
SYT6,5,22.973377227783203
SYTL1,5,0.0
SYVN1,5,0.0
TACC1,5,0.0
TACC3,5,0.0
TAF10,5,0.0
TAF1D,5,0.0
TAGAP,5,5.1264142990112305
TAGLN2,5,0.0
TAL1,5,0.0
TANC1,5,0.0
TAOK1,5,0.0
TAOK3,5,0.0
TAP1,5,0.0
TAP2,5,0.24130329489707947
TAPBP,5,0.0
TAX1BP1,5,0.0
TBC1D16,5,0.0
TBC1D28,5,0.0
TBCD,5,0.0
TBRG4,5,0.0
TBX15,5,0.0
TCEA2,5,0.0
TCERG1,5,0.0
TCF19,5,0.0
TCF7,5,0.0
TCIRG1,5,0.0
TCP1,5,0.9966261386871338
TCP11,5,0.0
TCP11L1,5,0.0
TCTA,5,0.0
TEAD1,5,0.0
TEC,5,0.0
TEF,5,0.0
TEKT2,5,0.0
TENC1,5,0.0
TET1,5,0.0
TEX11,5,0.0
TEX14,5,0.0
TFAP2A,5,0.0
TFIP11,5,0.0
TFPT,5,0.0
TGFBR2,5,0.0
THADA,5,0.0
THAP10,5,0.0
THAP11,5,0.0
THAP2,5,3.8773910999298096
THBS4,5,0.0
THOC4,5,0.0
THRA,5,0.0
THYN1,5,0.0
TIMM8B,5,0.0
TIMM9,5,0.0
TINF2,5,0.0
TIRAP,5,0.0
TLE2,5,0.0
TMBIM1,5,0.0
TMC6,5,0.0
TMC8,5,0.0
TMCC1,5,0.0
TMEM106A,5,0.0
TMEM129,5,0.0
TMEM133,5,0.0
TMEM155,5,0.0
TMEM185A,5,2.3443479537963867
TMEM199,5,0.0
TMEM200B,5,0.0
TMEM208,5,0.0
TMEM209,5,0.0
TMEM217,5,0.0
TMEM229A,5,0.0
TMEM229B,5,0.0
TMEM30B,5,0.0
TMEM42,5,0.0
TMEM44,5,0.45196986198425293
TMEM49,5,0.0
TMEM51,5,0.0
TMEM60,5,0.0
TMEM63A,5,0.0
TMEM86B,5,0.0
TMEM87B,5,0.0
TMEM90B,5,0.0
TMEM91,5,0.0
TMSB10,5,0.0
TNFRSF10C,5,0.0
TNFRSF19,5,0.0
TNFRSF9,5,0.0
TNFSF11,5,0.5100557804107666
TNIP1,5,0.0
TNPO2,5,0.0
TNRC6A,5,0.0
TNRC6C,5,0.727540135383606
TNS3,5,0.0
TNXB,5,0.0
TOE1,5,0.0
TOMM20,5,1.2561585903167725
TOMM70A,5,0.0
TOR1AIP2,5,0.0
TOX2,5,0.0
TP53,5,0.0
TP53BP1,5,0.0
TP53RK,5,0.0
TP73,5,0.0
TPM4,5,0.0
TPMT,5,0.0
TPX2,5,0.0
TRABD,5,0.0
TRADD,5,0.0
TRAK2,5,0.0
TRAPPC1,5,0.0
TRAPPC5,5,0.0
TRERF1,5,0.0
TRIL,5,0.0
TRIM11,5,0.0
TRIM15,5,0.0
TRIM2,5,0.0
TRIM23,5,0.0
TRIM26,5,0.0
TRIM3,5,0.0
TRIM34,5,0.0
TRIM35,5,0.0
TRIM41,5,0.0
TRIM50,5,0.0
TRIM52,5,0.0
TRIM6-TRIM34,5,0.0
TRIOBP,5,0.0
TRMT6,5,0.0
TRPC3,5,0.57044517993927
TRPS1,5,0.0
TRPV1,5,0.0
TRUB1,5,0.0
TSC1,5,0.0
TSC22D3,5,0.0
TSGA10,5,0.0
TSNARE1,5,0.0
TSNAX-DISC1,5,0.0
TSPAN15,5,0.0
TSPAN32,5,0.0
TSPAN4,5,0.0
TSPAN9,5,0.0
TSR1,5,2.431298017501831
TSSC1,5,0.0
TSSC4,5,0.0
TSSK6,5,0.0
TTBK2,5,0.08768665790557861
TTC39C,5,1.6639854907989502
TTC8,5,0.0
TTLL10,5,0.0
TTLL6,5,0.0
TTYH2,5,0.0
TUBA1C,5,0.0
TUBA8,5,0.0
TUBB8,5,0.0
TUBGCP2,5,0.0
TXLNA,5,0.0
TXN2,5,0.0
TXNDC12,5,0.0
TXNDC16,5,0.0
TXNDC17,5,0.0
TXNDC9,5,0.0
TXNRD1,5,0.0
TYMP,5,0.0
UBE2D3,5,0.0
UBE2D4,5,0.0
UBE2E1,5,0.0
UBE2I,5,0.0
UBE2J2,5,0.0
UBE2L3,5,0.0
UBE2M,5,0.0
UBFD1,5,0.0
UBL4B,5,0.0
UBOX5,5,0.0
UBTF,5,0.0
UBXN11,5,0.0
UCHL3,5,0.0
UCN3,5,0.0
UFD1L,5,0.0
UGT8,5,0.0
ULK4,5,0.8199155330657959
UNC45A,5,0.0
UNKL,5,0.0
UPF3B,5,0.0
UQCC,5,0.0
URGCP,5,0.0
UROS,5,0.0
USMG5,5,0.0
USP16,5,0.0
USP19,5,0.0
USP2,5,0.0
USP21,5,0.0
USP29,5,1.536725640296936
USP3,5,0.0
USP36,5,0.0
USP39,5,0.0
USP47,5,0.0
USP5,5,0.0
USP50,5,0.0
USP6NL,5,0.0
VAMP4,5,0.0
VANGL2,5,0.0
VARS2,5,0.0
VASH1,5,0.0
VENTX,5,0.0
VEPH1,5,2.206643581390381
VGLL4,5,0.0
VPS13B,5,0.0
VPS29,5,0.14272856712341309
VPS35,5,0.0
VPS37C,5,0.0
VPS52,5,0.0
VRK1,5,0.0
VSTM2A,5,0.0
VSX1,5,0.0
VSX2,5,0.0
VTI1A,5,0.0
VWA5B2,5,0.0
WBP1,5,0.0
WDFY4,5,0.0
WDR36,5,0.0
WDR37,5,0.0
WDR45,5,0.0
WDR46,5,0.0
WDR65,5,0.0
WDR75,5,0.0
WDR77,5,0.0
WDR8,5,0.0
WDR81,5,0.0
WDR90,5,0.0
WDR93,5,0.0
WDSUB1,5,0.14389187097549438
WEE1,5,0.0
WIBG,5,0.0
WIPF1,5,0.0
WIT1,5,0.0
WIZ,5,0.0
WNT2,5,0.0
WRAP53,5,0.0
WRN,5,0.0
WT1,5,0.0
WWP1,5,0.0
WWTR1,5,0.0
XPO5,5,0.0
XRCC3,5,0.0
XRRA1,5,0.0
YIPF1,5,0.0
YME1L1,5,0.0
YPEL3,5,0.0
YTHDF3,5,0.0
ZAK,5,0.0
ZBED5,5,0.0
ZBTB12,5,0.0
ZBTB20,5,0.0
ZBTB22,5,0.0
ZBTB32,5,0.0
ZBTB38,5,0.0
ZBTB8B,5,0.0
ZBTB9,5,0.0
ZC3H10,5,0.0
ZC3H12A,5,0.0
ZC3H13,5,0.0
ZC3HAV1L,5,0.0
ZCCHC12,5,0.0
ZDHHC22,5,0.0
ZDHHC5,5,0.0
ZDHHC6,5,0.0
ZDHHC9,5,0.0
ZEB1,5,0.0
ZFAND6,5,0.0
ZFC3H1,5,0.6616947054862976
ZFHX3,5,0.0
ZFHX4,5,0.0
ZFP36L2,5,0.3074634373188019
ZFP41,5,0.0
ZFYVE1,5,0.0
ZFYVE19,5,0.0
ZGPAT,5,0.0
ZIC1,5,0.9383946061134338
ZIC4,5,0.0
ZIM2,5,0.0
ZMAT1,5,0.0
ZMIZ1,5,0.0
ZMIZ2,5,0.0
ZMYND10,5,0.0
ZMYND11,5,0.0
ZNF12,5,0.0
ZNF121,5,0.0
ZNF141,5,0.0
ZNF142,5,0.0
ZNF146,5,0.0
ZNF148,5,0.0
ZNF189,5,0.0
ZNF19,5,0.0
ZNF192,5,0.0
ZNF213,5,0.0
ZNF217,5,0.0
ZNF22,5,0.0
ZNF225,5,0.0
ZNF236,5,0.0
ZNF252,5,0.0
ZNF256,5,0.0
ZNF264,5,0.0
ZNF274,5,0.0
ZNF277,5,0.0
ZNF286B,5,0.0
ZNF311,5,0.0
ZNF317,5,1.818113088607788
ZNF32,5,0.0
ZNF323,5,0.0
ZNF331,5,0.0
ZNF350,5,3.692732334136963
ZNF384,5,0.0
ZNF389,5,0.0
ZNF391,5,0.0
ZNF395,5,0.0
ZNF397,5,7.396235466003418
ZNF407,5,0.0
ZNF438,5,0.0
ZNF444,5,0.2599639892578125
ZNF454,5,0.0
ZNF507,5,0.0
ZNF511,5,0.0
ZNF514,5,0.0
ZNF528,5,0.0
ZNF529,5,0.0
ZNF532,5,0.0
ZNF543,5,0.0
ZNF566,5,0.0
ZNF57,5,0.0
ZNF570,5,0.0
ZNF585A,5,0.0
ZNF605,5,0.0
ZNF607,5,9.294984817504883
ZNF639,5,0.0
ZNF644,5,0.0
ZNF646,5,0.0
ZNF668,5,0.0
ZNF672,5,0.0
ZNF688,5,0.0
ZNF697,5,0.0
ZNF7,5,0.0
ZNF703,5,0.0
ZNF709,5,0.0
ZNF71,5,0.274020254611969
ZNF735,5,0.0
ZNF750,5,0.0
ZNF75D,5,0.07664099335670471
ZNF774,5,0.0
ZNF830,5,0.0
ZNF879,5,0.6907907724380493
ZNRD1,5,0.0
ZSWIM3,5,0.0
ZXDC,5,0.0
ZZEF1,5,0.0
